ID,session,staircase,direction,PSE_deg,FLE_deg,FLE_dva,source_file
1015,1,1,CW,7.428571428571429,7.428571428571429,1.598322178378875,DID_FLE_1015_1.csv
1015,1,2,CW,4.571428571428571,4.571428571428571,0.9837414172590587,DID_FLE_1015_1.csv
1015,1,3,CCW,-1.6190476190476188,1.6190476190476188,0.34843836318983734,DID_FLE_1015_1.csv
1015,1,4,CCW,-7.523809523809523,7.523809523809523,1.618802654165056,DID_FLE_1015_1.csv
1015,2,1,CW,5.809523809523809,5.809523809523809,1.2500958439983874,DID_FLE_1015_2.csv
1015,2,2,CW,-2.952380952380954,-2.952380952380954,-0.6353693909473227,DID_FLE_1015_2.csv
1015,2,3,CCW,-7.904761904761905,7.904761904761905,1.700720367344611,DID_FLE_1015_2.csv
1015,2,4,CCW,3.142857142857142,-3.142857142857142,-0.6763572719231544,DID_FLE_1015_2.csv
1090,1,1,CW,10.666666666666668,10.666666666666668,2.294395018353309,DID_FLE_1090_1.csv
1090,1,2,CW,8.095238095238095,8.095238095238095,1.741676636882265,DID_FLE_1090_1.csv
1090,1,3,CCW,-10.666666666666668,10.666666666666668,2.294395018353309,DID_FLE_1090_1.csv
1090,1,4,CCW,-1.047619047619048,1.047619047619048,0.2254617330887962,DID_FLE_1090_1.csv
1090,2,1,CW,10.476190476190476,10.476190476190476,2.253466300868781,DID_FLE_1090_2.csv
1090,2,2,CW,4.761904761904761,4.761904761904761,1.0247220775993988,DID_FLE_1090_2.csv
1090,2,3,CCW,-12.952380952380954,12.952380952380954,2.785345022653796,DID_FLE_1090_2.csv
1090,2,4,CCW,-13.714285714285714,13.714285714285714,2.9489076674886454,DID_FLE_1090_2.csv
1099,1,1,CW,21.333333333333332,21.333333333333332,4.5814550472588484,DID_FLE_1099_1.csv
1099,1,2,CW,18.285714285714285,18.285714285714285,3.9291813538200406,DID_FLE_1099_1.csv
1099,1,3,CCW,-24.476190476190474,24.476190476190474,5.2528663758356435,DID_FLE_1099_1.csv
1099,1,4,CCW,-21.428571428571427,21.428571428571427,4.6018203202868575,DID_FLE_1099_1.csv
1099,2,1,CW,21.047619047619047,21.047619047619047,4.5203522873692465,DID_FLE_1099_2.csv
1099,2,2,CW,23.80952380952381,23.80952380952381,5.110560362934734,DID_FLE_1099_2.csv
1099,2,3,CCW,-28.761904761904763,28.761904761904763,6.166066109481207,DID_FLE_1099_2.csv
1099,2,4,CCW,-28.761904761904763,28.761904761904763,6.166066109481207,DID_FLE_1099_2.csv
1148,1,1,CW,12.857142857142858,12.857142857142858,2.7648964423332396,DID_FLE_1148_1.csv
1148,1,2,CW,-28,-28,-6.003935737227853,DID_FLE_1148_1.csv
1148,1,3,CCW,-8,8,1.7211987220498797,DID_FLE_1148_1.csv
1148,1,4,CCW,-5.523809523809524,5.523809523809524,1.1886338147765643,DID_FLE_1148_1.csv
1148,2,1,CW,19.714285714285715,19.714285714285715,4.2350720247359375,DID_FLE_1148_2.csv
1148,2,2,CW,4.095238095238095,4.095238095238095,0.8812854539827469,DID_FLE_1148_2.csv
1148,2,3,CCW,-8,8,1.7211987220498797,DID_FLE_1148_2.csv
1148,2,4,CCW,17.61904761904762,-17.61904761904762,-3.7863544977776766,DID_FLE_1148_2.csv
1161,1,1,CW,22,22,4.723987312489962,DID_FLE_1161_1.csv
1161,1,2,CW,18.38095238095238,18.38095238095238,3.9495812399983965,DID_FLE_1161_1.csv
1161,1,3,CCW,-14,14,3.0102314026531682,DID_FLE_1161_1.csv
1161,1,4,CCW,-16.571428571428573,16.571428571428573,3.561817725871829,DID_FLE_1161_1.csv
1161,2,1,CW,16.19047619047619,16.19047619047619,3.4801404588145597,DID_FLE_1161_2.csv
1161,2,2,CW,19.904761904761905,19.904761904761905,4.275839561871268,DID_FLE_1161_2.csv
1161,2,3,CCW,-14.761904761904763,14.761904761904763,3.173727240411702,DID_FLE_1161_2.csv
1161,2,4,CCW,-15.523809523809524,15.523809523809524,3.337171356369171,DID_FLE_1161_2.csv
1258,1,1,CW,14,14,3.0102314026531682,DID_FLE_1258_1.csv
1258,1,2,CW,2.095238095238096,2.095238095238096,0.4509164840174675,DID_FLE_1258_1.csv
1258,1,3,CCW,-11.714285714285714,11.714285714285714,2.5194599748309234,DID_FLE_1258_1.csv
1258,1,4,CCW,-10.285714285714286,10.285714285714286,2.212535282258101,DID_FLE_1258_1.csv
1258,2,1,CW,4.857142857142857,4.857142857142857,1.0452120171860515,DID_FLE_1258_2.csv
1258,2,2,CW,1.3333333333333324,1.3333333333333324,0.28695037862312467,DID_FLE_1258_2.csv
1258,2,3,CCW,-2.5714285714285716,2.5714285714285716,0.5533917198875575,DID_FLE_1258_2.csv
1258,2,4,CCW,-3.1428571428571432,3.1428571428571432,0.6763572719231545,DID_FLE_1258_2.csv
1355,1,1,CW,4.952380952380953,4.952380952380953,1.0657016894025206,DID_FLE_1355_1.csv
1355,1,2,CW,3.2380952380952377,3.2380952380952377,0.6968509554251878,DID_FLE_1355_1.csv
1355,1,3,CCW,-8,8,1.7211987220498797,DID_FLE_1355_1.csv
1355,1,4,CCW,-9.047619047619047,9.047619047619047,1.9464304447249796,DID_FLE_1355_1.csv
1355,2,1,CW,-10.19047619047619,-10.19047619047619,-2.1920689230258183,DID_FLE_1355_02.csv
1355,2,2,CW,-6.666666666666666,-6.666666666666666,-1.4344641028279,DID_FLE_1355_02.csv
1355,2,3,CCW,8.19047619047619,-8.19047619047619,-1.762154106624421,DID_FLE_1355_02.csv
1355,2,4,CCW,5.619047619047618,-5.619047619047618,-1.209121468835411,DID_FLE_1355_02.csv
1480,1,1,CW,9.428571428571429,9.428571428571429,2.028318337444032,DID_FLE_1480_1.csv
1480,1,2,CW,10.095238095238095,10.095238095238095,2.1716020041081725,DID_FLE_1480_1.csv
1480,1,3,CCW,-11.047619047619047,11.047619047619047,2.376245383666878,DID_FLE_1480_1.csv
1480,1,4,CCW,-10.761904761904763,10.761904761904763,2.314858501181197,DID_FLE_1480_1.csv
1480,2,1,CW,7.904761904761905,7.904761904761905,1.700720367344611,DID_FLE_1480_2.csv
1480,2,2,CW,7.0476190476190474,7.0476190476190474,1.5163962419068522,DID_FLE_1480_2.csv
1480,2,3,CCW,-8.19047619047619,8.19047619047619,1.762154106624421,DID_FLE_1480_2.csv
1480,2,4,CCW,-9.238095238095237,9.238095238095237,1.9873754063700242,DID_FLE_1480_2.csv
1516,1,1,CW,21.238095238095237,21.238095238095237,4.561088614064282,DID_FLE_1516_1.csv
1516,1,2,CW,28.19047619047619,28.19047619047619,6.0444774809847965,DID_FLE_1516_1.csv
1516,1,3,CCW,-21.714285714285715,21.714285714285715,4.662909127917735,DID_FLE_1516_1.csv
1516,1,4,CCW,-20.476190476190474,20.476190476190474,4.3981159886361745,DID_FLE_1516_1.csv
1516,2,1,CW,16.095238095238095,16.095238095238095,3.4597189160592428,DID_FLE_1516_2.csv
1516,2,2,CW,17.80952380952381,17.80952380952381,3.8271670578974923,DID_FLE_1516_2.csv
1516,2,3,CCW,-12.857142857142858,12.857142857142858,2.7648964423332396,DID_FLE_1516_2.csv
1516,2,4,CCW,-14.666666666666666,14.666666666666666,3.153293035149832,DID_FLE_1516_2.csv
1625,1,1,CW,22.476190476190474,22.476190476190474,4.825760310636266,DID_FLE_1625_1.csv
1625,1,2,CW,18.761904761904763,18.761904761904763,4.031170704727983,DID_FLE_1625_1.csv
1625,1,3,CCW,-26.38095238095238,26.38095238095238,5.659091218721287,DID_FLE_1625_1.csv
1625,1,4,CCW,-20.285714285714285,20.285714285714285,4.3573615843752105,DID_FLE_1625_1.csv
1625,2,1,CW,5.619047619047619,5.619047619047619,1.209121468835411,DID_FLE_1625_2.csv
1625,2,2,CW,5.0476190476190474,5.0476190476190474,1.0861910890134365,DID_FLE_1625_2.csv
1625,2,3,CCW,-18.476190476190474,18.476190476190474,3.9699801232746172,DID_FLE_1625_2.csv
1625,2,4,CCW,-24.19047619047619,24.19047619047619,5.191885939166662,DID_FLE_1625_2.csv
1635,1,1,CW,12.476190476190476,12.476190476190476,2.6830951235542857,DID_FLE_1635_1.csv
1635,1,2,CW,12.761904761904763,12.761904761904763,2.7444471570888855,DID_FLE_1635_1.csv
1635,1,3,CCW,-6.761904761904762,6.761904761904762,1.4549477008064273,DID_FLE_1635_1.csv
1635,1,4,CCW,-3.2380952380952386,3.2380952380952386,0.6968509554251878,DID_FLE_1635_1.csv
1635,2,1,CW,2.4761904761904763,2.4761904761904763,0.5328969349735484,DID_FLE_1635_2.csv
1635,2,2,CW,4.571428571428572,4.571428571428572,0.983741417259059,DID_FLE_1635_2.csv
1635,2,3,CCW,-2.7619047619047614,2.7619047619047614,0.5943808596223483,DID_FLE_1635_2.csv
1635,2,4,CCW,-4.9523809523809526,4.9523809523809526,1.0657016894025206,DID_FLE_1635_2.csv
1726,1,1,CW,7.428571428571429,7.428571428571429,1.598322178378875,DID_FLE_1726_1.csv
1726,1,2,CW,2.095238095238096,2.095238095238096,0.4509164840174675,DID_FLE_1726_1.csv
1726,1,3,CCW,-6.285714285714286,6.285714285714286,1.3525260955535887,DID_FLE_1726_1.csv
1726,1,4,CCW,-9.333333333333334,9.333333333333334,2.007847128332439,DID_FLE_1726_1.csv
1726,2,1,CW,10.857142857142858,10.857142857142858,2.3353213931388463,DID_FLE_1726_2.csv
1726,2,2,CW,6,6,1.291068940345504,DID_FLE_1726_2.csv
1726,2,3,CCW,-1.142857142857143,1.142857142857143,0.24595801296557604,DID_FLE_1726_2.csv
1726,2,4,CCW,-1.2380952380952381,1.2380952380952381,0.2664542298921568,DID_FLE_1726_2.csv
1931,1,1,CW,29.238095238095237,29.238095238095237,6.267347442647021,DID_FLE_1931_1.csv
1931,1,2,CW,33.904761904761905,33.904761904761905,7.257730184023344,DID_FLE_1931_1.csv
1931,1,3,CCW,-32.857142857142854,32.857142857142854,7.035757315169502,DID_FLE_1931_1.csv
1931,1,4,CCW,-34.38095238095238,34.38095238095238,7.358554985685616,DID_FLE_1931_1.csv
1931,2,1,CW,-0.2857142857142854,-0.2857142857142854,-0.06148985734519951,DID_FLE_1931_2.csv
1931,2,2,CW,9.047619047619047,9.047619047619047,1.9464304447249796,DID_FLE_1931_2.csv
1931,2,3,CCW,-10.571428571428571,10.571428571428571,2.2739309498504485,DID_FLE_1931_2.csv
1931,2,4,CCW,8.095238095238095,-8.095238095238095,-1.741676636882265,DID_FLE_1931_2.csv
1944,1,1,CW,21.047619047619047,21.047619047619047,4.5203522873692465,DID_FLE_1944_1.csv
1944,1,2,CW,22.19047619047619,22.19047619047619,4.764700133334165,DID_FLE_1944_1.csv
1944,1,3,CCW,-24,24,5.151225752599074,DID_FLE_1944_1.csv
1944,1,4,CCW,-20.095238095238095,20.095238095238095,4.3166027619400404,DID_FLE_1944_1.csv
1944,2,1,CW,22.19047619047619,22.19047619047619,4.764700133334165,DID_FLE_1944_2.csv
1944,2,2,CW,20.666666666666668,20.666666666666668,4.438865934208997,DID_FLE_1944_2.csv
1944,2,3,CCW,-25.238095238095237,25.238095238095237,5.415422176379386,DID_FLE_1944_2.csv
1944,2,4,CCW,-17.714285714285715,17.714285714285715,3.8067612614280657,DID_FLE_1944_2.csv
1950,1,1,CW,-9.333333333333332,-9.333333333333332,-2.007847128332438,DID_FLE_1950_1.csv
1950,1,2,CW,-24.761904761904763,-24.761904761904763,-5.313834880973887,DID_FLE_1950_1.csv
1950,1,3,CCW,20.952380952380953,-20.952380952380953,-4.499982403970006,DID_FLE_1950_1.csv
1950,1,4,CCW,9.523809523809524,-9.523809523809524,-2.048789028497722,DID_FLE_1950_1.csv
1950,2,1,CW,-27.238095238095237,-27.238095238095237,-5.84170880422314,DID_FLE_1950_2.csv
1950,2,2,CW,-30.095238095238095,-30.095238095238095,-6.449554373641948,DID_FLE_1950_2.csv
1950,2,3,CCW,8.666666666666668,-8.666666666666668,-1.864534596422782,DID_FLE_1950_2.csv
1950,2,4,CCW,25.904761904761905,-25.904761904761905,-5.557586898100119,DID_FLE_1950_2.csv
1987,1,1,CW,10.19047619047619,10.19047619047619,2.1920689230258183,DID_FLE_1987_1.csv
1987,1,2,CW,12.571428571428573,12.571428571428573,2.7035464925242185,DID_FLE_1987_1.csv
1987,1,3,CCW,-11.428571428571429,11.428571428571429,2.4580860457894853,DID_FLE_1987_1.csv
1987,1,4,CCW,-11.523809523809524,11.523809523809524,2.4785446562648006,DID_FLE_1987_1.csv
1987,2,1,CW,7.142857142857143,7.142857142857143,1.5368783205789305,DID_FLE_1987_2.csv
1987,2,2,CW,6.571428571428571,6.571428571428571,1.41398013808646,DID_FLE_1987_2.csv
1987,2,3,CCW,-8.19047619047619,8.19047619047619,1.762154106624421,DID_FLE_1987_2.csv
1987,2,4,CCW,-4.380952380952381,4.380952380952381,0.9427597502725061,DID_FLE_1987_2.csv
2121,1,1,CW,11.80952380952381,11.80952380952381,2.539916672548988,DID_FLE_2121_1.csv
2121,1,2,CW,8.095238095238095,8.095238095238095,1.741676636882265,DID_FLE_2121_1.csv
2121,1,3,CCW,-12.952380952380953,12.952380952380953,2.785345022653796,DID_FLE_2121_1.csv
2121,1,4,CCW,-10.952380952380953,10.952380952380953,2.3557836890318917,DID_FLE_2121_1.csv
2121,2,1,CW,11.904761904761905,11.904761904761905,2.5603727223101895,DID_FLE_2121_2.csv
2121,2,2,CW,10.19047619047619,10.19047619047619,2.1920689230258183,DID_FLE_2121_2.csv
2121,2,3,CCW,-9.619047619047619,9.619047619047619,2.0692591962872204,DID_FLE_2121_2.csv
2121,2,4,CCW,-9.80952380952381,9.80952380952381,2.110197941252493,DID_FLE_2121_2.csv
2247,1,1,CW,8.666666666666666,8.666666666666666,1.8645345964227815,DID_FLE_2247_1.csv
2247,1,2,CW,-3.5238095238095237,-3.5238095238095237,-0.7583309150903154,DID_FLE_2247_1.csv
2247,1,3,CCW,0.6666666666666666,-0.6666666666666666,-0.1434760889911723,DID_FLE_2247_1.csv
2247,1,4,CCW,-1.0476190476190466,1.0476190476190466,0.22546173308879588,DID_FLE_2247_1.csv
2247,2,1,CW,1.4285714285714286,1.4285714285714286,0.30744645391317166,DID_FLE_2247_2.csv
2247,2,2,CW,4.761904761904762,4.761904761904762,1.0247220775993988,DID_FLE_2247_2.csv
2247,2,3,CCW,-3.333333333333333,3.333333333333333,0.7173444606145121,DID_FLE_2247_2.csv
2247,2,4,CCW,-1.7142857142857137,1.7142857142857137,0.36893418668643463,DID_FLE_2247_2.csv
2251,1,1,CW,27.142857142857142,27.142857142857142,5.821423773433275,DID_FLE_2251_1.csv
2251,1,2,CW,26,26,5.577890582598805,DID_FLE_2251_1.csv
2251,1,3,CCW,-33.61904761904762,33.61904761904762,7.197213563584391,DID_FLE_2251_1.csv
2251,1,4,CCW,-30.857142857142858,30.857142857142858,6.611406300910866,DID_FLE_2251_1.csv
2251,2,1,CW,2.666666666666667,2.666666666666667,0.5738863631848234,DID_FLE_2251_2.csv
2251,2,2,CW,-4,-4,-0.8607935639554244,DID_FLE_2251_2.csv
2251,2,3,CCW,5.523809523809524,-5.523809523809524,-1.1886338147765643,DID_FLE_2251_2.csv
2251,2,4,CCW,-3.8095238095238093,3.8095238095238093,0.8198091284367717,DID_FLE_2251_2.csv
2395,1,1,CW,20.952380952380953,20.952380952380953,4.499982403970006,DID_FLE_2395_1.csv
2395,1,2,CW,-28.857142857142858,-28.857142857142858,-6.186325491578701,DID_FLE_2395_1.csv
2395,1,3,CCW,-21.428571428571427,21.428571428571427,4.6018203202868575,DID_FLE_2395_1.csv
2395,1,4,CCW,32,-32,-6.853984826173733,DID_FLE_2395_1.csv
2395,2,1,CW,9.523809523809522,9.523809523809522,2.048789028497722,DID_FLE_2395_2.csv
2395,2,2,CW,-46.57142857142857,-46.57142857142857,-9.92245085304596,DID_FLE_2395_2.csv
2395,2,3,CCW,-36.285714285714285,36.285714285714285,7.761390233014819,DID_FLE_2395_2.csv
2395,2,4,CCW,22.285714285714285,-22.285714285714285,-4.785054737993627,DID_FLE_2395_2.csv
2692,1,1,CW,7.428571428571428,7.428571428571428,1.598322178378875,DID_FLE_2692_1.csv
2692,1,2,CW,2.4761904761904767,2.4761904761904767,0.5328969349735485,DID_FLE_2692_1.csv
2692,1,3,CCW,-6.761904761904763,6.761904761904763,1.4549477008064273,DID_FLE_2692_1.csv
2692,1,4,CCW,1.3333333333333337,-1.3333333333333337,-0.28695037862312495,DID_FLE_2692_1.csv
2692,2,1,CW,1.7142857142857137,1.7142857142857137,0.36893418668643463,DID_FLE_2692_2.csv
2692,2,2,CW,-4.857142857142857,-4.857142857142857,-1.0452120171860515,DID_FLE_2692_2.csv
2692,2,3,CCW,3.2380952380952386,-3.2380952380952386,-0.6968509554251878,DID_FLE_2692_2.csv
2692,2,4,CCW,-1.6190476190476184,1.6190476190476184,0.3484383631898372,DID_FLE_2692_2.csv
2888,1,1,CW,15.238095238095237,15.238095238095237,3.275886041357871,DID_FLE_2888_1.csv
2888,1,2,CW,10.666666666666668,10.666666666666668,2.294395018353309,DID_FLE_2888_1.csv
2888,1,3,CCW,-13.428571428571427,13.428571428571427,2.887577169399518,DID_FLE_2888_1.csv
2888,1,4,CCW,-1.5238095238095226,1.5238095238095226,0.32794245051710064,DID_FLE_2888_1.csv
2888,2,1,CW,15.523809523809524,15.523809523809524,3.337171356369171,DID_FLE_2888_2.csv
2888,2,2,CW,20,20,4.29622170657503,DID_FLE_2888_2.csv
2888,2,3,CCW,-5.333333333333334,5.333333333333334,1.1476575998655103,DID_FLE_2888_2.csv
2888,2,4,CCW,-4.190476190476191,4.190476190476191,0.9017771185369261,DID_FLE_2888_2.csv
2906,1,1,CW,24.095238095238095,24.095238095238095,5.171556498767396,DID_FLE_2906_1.csv
2906,1,2,CW,22.666666666666668,22.666666666666668,4.866461000863792,DID_FLE_2906_1.csv
2906,1,3,CCW,-26.285714285714285,26.285714285714285,5.638793184870922,DID_FLE_2906_1.csv
2906,1,4,CCW,-11.142857142857142,11.142857142857142,2.3967064718512727,DID_FLE_2906_1.csv
2906,2,1,CW,21.238095238095237,21.238095238095237,4.561088614064282,DID_FLE_2906_2.csv
2906,2,2,CW,18.095238095238095,18.095238095238095,3.8883785931525523,DID_FLE_2906_2.csv
2906,2,3,CCW,-22.952380952380953,22.952380952380953,4.927502793768383,DID_FLE_2906_2.csv
2906,2,4,CCW,-16.19047619047619,16.19047619047619,3.4801404588145597,DID_FLE_2906_2.csv
2924,1,1,CW,25.523809523809526,25.523809523809526,5.476358206850278,DID_FLE_2924_1.csv
2924,1,2,CW,25.523809523809526,25.523809523809526,5.476358206850278,DID_FLE_2924_1.csv
2924,1,3,CCW,-39.04761904761905,39.04761904761905,8.344122680981304,DID_FLE_2924_1.csv
2924,1,4,CCW,-6.666666666666665,6.666666666666665,1.4344641028278995,DID_FLE_2924_1.csv
2924,2,1,CW,23.523809523809526,23.523809523809526,5.049552610093113,DID_FLE_2924_2.csv
2924,2,2,CW,9.80952380952381,9.80952380952381,2.110197941252493,DID_FLE_2924_2.csv
2924,2,3,CCW,-20.666666666666668,20.666666666666668,4.438865934208997,DID_FLE_2924_2.csv
2924,2,4,CCW,-23.047619047619047,23.047619047619047,4.947847573341596,DID_FLE_2924_2.csv
3088,1,1,CW,14.571428571428571,14.571428571428571,3.132858026878986,DID_FLE_3088_1.csv
3088,1,2,CW,6.476190476190477,6.476190476190477,1.3934958118087237,DID_FLE_3088_1.csv
3088,1,3,CCW,-18.285714285714285,18.285714285714285,3.9291813538200406,DID_FLE_3088_1.csv
3088,1,4,CCW,-13.904761904761905,13.904761904761905,2.9897909176385458,DID_FLE_3088_1.csv
3088,2,1,CW,-4.095238095238095,-4.095238095238095,-0.8812854539827469,DID_FLE_3088_2.csv
3088,2,2,CW,-2.285714285714286,-2.285714285714286,-0.4919069612683689,DID_FLE_3088_2.csv
3088,2,3,CCW,-2.0952380952380953,2.0952380952380953,0.4509164840174675,DID_FLE_3088_2.csv
3088,2,4,CCW,-1.1428571428571432,1.1428571428571432,0.2459580129655761,DID_FLE_3088_2.csv
3235,1,1,CW,13.333333333333332,13.333333333333332,2.8671321912639565,DID_FLE_3235_1.csv
3235,1,2,CW,10.19047619047619,10.19047619047619,2.1920689230258183,DID_FLE_3235_1.csv
3235,1,3,CCW,1.6190476190476193,-1.6190476190476193,-0.3484383631898374,DID_FLE_3235_1.csv
3235,1,4,CCW,-3.6190476190476195,3.6190476190476195,0.7788238538951466,DID_FLE_3235_1.csv
3235,2,1,CW,6,6,1.291068940345504,DID_FLE_3235_2.csv
3235,2,2,CW,4.380952380952381,4.380952380952381,0.9427597502725061,DID_FLE_3235_2.csv
3235,2,3,CCW,-7.428571428571428,7.428571428571428,1.598322178378875,DID_FLE_3235_2.csv
3235,2,4,CCW,-2.4761904761904763,2.4761904761904763,0.5328969349735484,DID_FLE_3235_2.csv
3273,1,1,CW,-0.38095238095238154,-0.38095238095238154,-0.08198645197877484,DID_FLE_3273_1.csv
3273,1,2,CW,-0.2857142857142863,-0.2857142857142863,-0.06148985734519969,DID_FLE_3273_1.csv
3273,1,3,CCW,-10.19047619047619,10.19047619047619,2.1920689230258183,DID_FLE_3273_1.csv
3273,1,4,CCW,-2.285714285714286,2.285714285714286,0.4919069612683689,DID_FLE_3273_1.csv
3273,2,1,CW,6.571428571428572,6.571428571428572,1.4139801380864603,DID_FLE_3273_2.csv
3273,2,2,CW,-2.666666666666667,-2.666666666666667,-0.5738863631848234,DID_FLE_3273_2.csv
3273,2,3,CCW,-11.904761904761905,11.904761904761905,2.5603727223101895,DID_FLE_3273_2.csv
3273,2,4,CCW,-12.380952380952381,12.380952380952381,2.6626430703613004,DID_FLE_3273_2.csv
3309,1,1,CW,2.4761904761904763,2.4761904761904763,0.5328969349735484,DID_FLE_3309_1.csv
3309,1,2,CW,0.38095238095238076,0.38095238095238076,0.0819864519787747,DID_FLE_3309_1.csv
3309,1,3,CCW,0.47619047619047633,-0.47619047619047633,-0.10248302562826281,DID_FLE_3309_1.csv
3309,1,4,CCW,-2.8571428571428568,2.8571428571428568,0.6148752039573608,DID_FLE_3309_1.csv
3309,2,1,CW,0.666666666666667,0.666666666666667,0.1434760889911724,DID_FLE_3309_2.csv
3309,2,2,CW,-2.9523809523809534,-2.9523809523809534,-0.6353693909473227,DID_FLE_3309_2.csv
3309,2,3,CCW,2.190476190476191,-2.190476190476191,-0.47141178296424835,DID_FLE_3309_2.csv
3309,2,4,CCW,3.0476190476190474,-3.0476190476190474,-0.655863415349936,DID_FLE_3309_2.csv
3343,1,1,CW,-0.6666666666666676,-0.6666666666666676,-0.14347608899117253,DID_FLE_3343_1.csv
3343,1,2,CW,-22.095238095238095,-22.095238095238095,-4.744344323155605,DID_FLE_3343_1.csv
3343,1,3,CCW,1.809523809523809,-1.809523809523809,-0.38942991576208347,DID_FLE_3343_1.csv
3343,1,4,CCW,23.428571428571427,-23.428571428571427,-5.0292141342604975,DID_FLE_3343_1.csv
3343,2,1,CW,5.619047619047619,5.619047619047619,1.209121468835411,DID_FLE_3343_2.csv
3343,2,2,CW,-24.476190476190474,-24.476190476190474,-5.2528663758356435,DID_FLE_3343_2.csv
3343,2,3,CCW,-0.1904761904761908,0.1904761904761908,0.04099324697353094,DID_FLE_3343_2.csv
3343,2,4,CCW,13.904761904761905,-13.904761904761905,-2.9897909176385458,DID_FLE_3343_2.csv
3345,1,1,CW,23.904761904761905,23.904761904761905,5.130893705656075,DID_FLE_3345_1.csv
3345,1,2,CW,19.523809523809526,19.523809523809526,4.194300191127288,DID_FLE_3345_1.csv
3345,1,3,CCW,-18.761904761904763,18.761904761904763,4.031170704727983,DID_FLE_3345_1.csv
3345,1,4,CCW,-24.476190476190474,24.476190476190474,5.2528663758356435,DID_FLE_3345_1.csv
3345,2,1,CW,16,16,3.439296493168245,DID_FLE_3345_2.csv
3345,2,2,CW,9.142857142857142,9.142857142857142,1.9669031767646568,DID_FLE_3345_2.csv
3345,2,3,CCW,-20.857142857142858,20.857142857142858,4.4796113806066495,DID_FLE_3345_2.csv
3345,2,4,CCW,-15.047619047619047,15.047619047619047,3.2350249866433978,DID_FLE_3345_2.csv
3368,1,1,CW,10.761904761904763,10.761904761904763,2.314858501181197,DID_FLE_3368_1.csv
3368,1,2,CW,8.857142857142858,8.857142857142858,1.9054834941811034,DID_FLE_3368_1.csv
3368,1,3,CCW,-7.904761904761905,7.904761904761905,1.700720367344611,DID_FLE_3368_1.csv
3368,1,4,CCW,-7.809523809523809,7.809523809523809,1.6802415779844802,DID_FLE_3368_1.csv
3368,2,1,CW,13.333333333333334,13.333333333333334,2.8671321912639574,DID_FLE_3368_2.csv
3368,2,2,CW,12.571428571428571,12.571428571428571,2.7035464925242176,DID_FLE_3368_2.csv
3368,2,3,CCW,-13.238095238095237,13.238095238095237,2.8466864823529106,DID_FLE_3368_2.csv
3368,2,4,CCW,-10.095238095238095,10.095238095238095,2.1716020041081725,DID_FLE_3368_2.csv
3449,1,1,CW,21.80952380952381,21.80952380952381,4.683269709834513,DID_FLE_3449_1.csv
3449,1,2,CW,12.476190476190476,12.476190476190476,2.6830951235542857,DID_FLE_3449_1.csv
3449,1,3,CCW,-25.333333333333332,25.333333333333332,5.435735558707229,DID_FLE_3449_1.csv
3449,1,4,CCW,-26.19047619047619,26.19047619047619,5.618493730934969,DID_FLE_3449_1.csv
3449,2,1,CW,22.476190476190474,22.476190476190474,4.825760310636266,DID_FLE_3449_2.csv
3449,2,2,CW,10.380952380952381,10.380952380952381,2.2330010766053556,DID_FLE_3449_2.csv
3449,2,3,CCW,-27.238095238095237,27.238095238095237,5.84170880422314,DID_FLE_3449_2.csv
3449,2,4,CCW,-6.571428571428573,6.571428571428573,1.4139801380864603,DID_FLE_3449_2.csv
3453,1,1,CW,7.619047619047619,7.619047619047619,1.6392827161750338,DID_FLE_3453_1.csv
3453,1,2,CW,9.523809523809522,9.523809523809522,2.048789028497722,DID_FLE_3453_1.csv
3453,1,3,CCW,-6.380952380952381,6.380952380952381,1.3730111292218612,DID_FLE_3453_1.csv
3453,1,4,CCW,-11.238095238095237,11.238095238095237,2.4171669483934646,DID_FLE_3453_1.csv
3453,2,1,CW,8.095238095238095,8.095238095238095,1.741676636882265,DID_FLE_3453_2.csv
3453,2,2,CW,10.761904761904763,10.761904761904763,2.314858501181197,DID_FLE_3453_2.csv
3453,2,3,CCW,-10.952380952380953,10.952380952380953,2.3557836890318917,DID_FLE_3453_2.csv
3453,2,4,CCW,-10,10,2.1511345307056846,DID_FLE_3453_2.csv
3473,1,1,CW,11.238095238095237,11.238095238095237,2.4171669483934646,DID_FLE_3473_1.csv
3473,1,2,CW,2.761904761904762,2.761904761904762,0.5943808596223483,DID_FLE_3473_1.csv
3473,1,3,CCW,-4.380952380952382,4.380952380952382,0.9427597502725065,DID_FLE_3473_1.csv
3473,1,4,CCW,2.1904761904761907,-2.1904761904761907,-0.4714117829642481,DID_FLE_3473_1.csv
3473,2,1,CW,6.571428571428573,6.571428571428573,1.4139801380864603,DID_FLE_3473_2.csv
3473,2,2,CW,6.190476190476191,6.190476190476191,1.3320407160321612,DID_FLE_3473_2.csv
3473,2,3,CCW,-28.666666666666664,28.666666666666664,6.145805179424098,DID_FLE_3473_2.csv
3473,2,4,CCW,-3.8095238095238093,3.8095238095238093,0.8198091284367717,DID_FLE_3473_2.csv
3551,1,1,CW,1.3333333333333333,1.3333333333333333,0.2869503786231249,DID_FLE_3551_1.csv
3551,1,2,CW,3.4285714285714284,3.4285714285714284,0.7378377822498775,DID_FLE_3551_1.csv
3551,1,3,CCW,3.619047619047619,-3.619047619047619,-0.7788238538951464,DID_FLE_3551_1.csv
3551,1,4,CCW,-3.428571428571429,3.428571428571429,0.7378377822498775,DID_FLE_3551_1.csv
3551,2,1,CW,2.0952380952380953,2.0952380952380953,0.4509164840174675,DID_FLE_3551_2.csv
3551,2,2,CW,2.095238095238096,2.095238095238096,0.4509164840174675,DID_FLE_3551_2.csv
3551,2,3,CCW,7.523809523809524,-7.523809523809524,-1.618802654165056,DID_FLE_3551_2.csv
3551,2,4,CCW,1.5238095238095237,-1.5238095238095237,-0.32794245051710086,DID_FLE_3551_2.csv
3753,1,1,CW,3.904761904761904,3.904761904761904,0.8403014536937294,DID_FLE_3753_1.csv
3753,1,2,CW,-2.761904761904762,-2.761904761904762,-0.5943808596223483,DID_FLE_3753_1.csv
3753,1,3,CCW,-5.142857142857143,5.142857142857143,1.106680210783851,DID_FLE_3753_1.csv
3753,1,4,CCW,-8.095238095238095,8.095238095238095,1.741676636882265,DID_FLE_3753_1.csv
3753,2,1,CW,10.571428571428571,10.571428571428571,2.2739309498504485,DID_FLE_3753_2.csv
3753,2,2,CW,18.952380952380953,18.952380952380953,4.071959317781832,DID_FLE_3753_2.csv
3753,2,3,CCW,-12.19047619047619,12.19047619047619,2.6217369320184623,DID_FLE_3753_2.csv
3753,2,4,CCW,-15.714285714285714,15.714285714285714,3.3780239950148814,DID_FLE_3753_2.csv
3817,1,1,CW,17.238095238095237,17.238095238095237,3.7047178735672808,DID_FLE_3817_1.csv
3817,1,2,CW,11.238095238095237,11.238095238095237,2.4171669483934646,DID_FLE_3817_1.csv
3817,1,3,CCW,-16.476190476190474,16.476190476190474,3.541399754959454,DID_FLE_3817_1.csv
3817,1,4,CCW,-16.38095238095238,16.38095238095238,3.5209808833940155,DID_FLE_3817_1.csv
3817,2,1,CW,5.714285714285714,5.714285714285714,1.2296088136532848,DID_FLE_3817_2.csv
3817,2,2,CW,8.19047619047619,8.19047619047619,1.762154106624421,DID_FLE_3817_2.csv
3817,2,3,CCW,-3.142857142857143,3.142857142857143,0.6763572719231544,DID_FLE_3817_2.csv
3817,2,4,CCW,1.2380952380952381,-1.2380952380952381,-0.2664542298921568,DID_FLE_3817_2.csv
3830,1,1,CW,14.857142857142854,14.857142857142854,3.1941606375139733,DID_FLE_3830_1.csv
3830,1,2,CW,16.476190476190474,16.476190476190474,3.541399754959454,DID_FLE_3830_1.csv
3830,1,3,CCW,-23.523809523809526,23.523809523809526,5.049552610093113,DID_FLE_3830_1.csv
3830,1,4,CCW,-13.904761904761905,13.904761904761905,2.9897909176385458,DID_FLE_3830_1.csv
3830,2,1,CW,12.380952380952381,12.380952380952381,2.6626430703613004,DID_FLE_3830_2.csv
3830,2,2,CW,10.476190476190478,10.476190476190478,2.2534663008687814,DID_FLE_3830_2.csv
3830,2,3,CCW,-19.142857142857142,19.142857142857142,4.112743796992564,DID_FLE_3830_2.csv
3830,2,4,CCW,-13.238095238095237,13.238095238095237,2.8466864823529106,DID_FLE_3830_2.csv
3858,1,1,CW,21.142857142857142,21.142857142857142,4.540721025751164,DID_FLE_3858_1.csv
3858,1,2,CW,-12,-12,-2.5808281189306137,DID_FLE_3858_1.csv
3858,1,3,CCW,-18.19047619047619,18.19047619047619,3.908780469838079,DID_FLE_3858_1.csv
3858,1,4,CCW,8.285714285714286,-8.285714285714286,-1.782631126059683,DID_FLE_3858_1.csv
3858,2,1,CW,13.238095238095237,13.238095238095237,2.8466864823529106,DID_FLE_3858_2.csv
3858,2,2,CW,15.619047619047619,15.619047619047619,3.35759810292149,DID_FLE_3858_2.csv
3858,2,3,CCW,-17.238095238095237,17.238095238095237,3.7047178735672808,DID_FLE_3858_2.csv
3858,2,4,CCW,-19.428571428571427,19.428571428571427,4.173912675837962,DID_FLE_3858_2.csv
3909,1,1,CW,14.761904761904763,14.761904761904763,3.173727240411702,DID_FLE_3909_1.csv
3909,1,2,CW,6.666666666666666,6.666666666666666,1.4344641028279,DID_FLE_3909_1.csv
3909,1,3,CCW,-13.428571428571427,13.428571428571427,2.887577169399518,DID_FLE_3909_1.csv
3909,1,4,CCW,-1.3333333333333333,1.3333333333333333,0.2869503786231249,DID_FLE_3909_1.csv
3909,2,1,CW,4.9523809523809526,4.9523809523809526,1.0657016894025206,DID_FLE_3909_2.csv
3909,2,2,CW,1.4285714285714284,1.4285714285714284,0.3074464539131716,DID_FLE_3909_2.csv
3909,2,3,CCW,1.619047619047619,-1.619047619047619,-0.3484383631898374,DID_FLE_3909_2.csv
3909,2,4,CCW,1.047619047619048,-1.047619047619048,-0.2254617330887962,DID_FLE_3909_2.csv
4309,1,1,CW,-5.238095238095238,-5.238095238095238,-1.1271690494792383,DID_FLE_4309_1.csv
4309,1,2,CW,-14.380952380952381,-14.380952380952381,-3.0919856219189494,DID_FLE_4309_1.csv
4309,1,3,CCW,9.047619047619047,-9.047619047619047,-1.9464304447249796,DID_FLE_4309_1.csv
4309,1,4,CCW,5.523809523809524,-5.523809523809524,-1.1886338147765643,DID_FLE_4309_1.csv
4309,2,1,CW,-10.857142857142858,-10.857142857142858,-2.3353213931388463,DID_FLE_4309_2.csv
4309,2,2,CW,-15.238095238095237,-15.238095238095237,-3.275886041357871,DID_FLE_4309_2.csv
4309,2,3,CCW,10.19047619047619,-10.19047619047619,-2.1920689230258183,DID_FLE_4309_2.csv
4309,2,4,CCW,13.238095238095237,-13.238095238095237,-2.8466864823529106,DID_FLE_4309_2.csv
4481,1,1,CW,10.666666666666668,10.666666666666668,2.294395018353309,DID_FLE_4481_1.csv
4481,1,2,CW,16.476190476190474,16.476190476190474,3.541399754959454,DID_FLE_4481_1.csv
4481,1,3,CCW,-14.285714285714286,14.285714285714286,3.0715482355370805,DID_FLE_4481_1.csv
4481,1,4,CCW,-13.714285714285714,13.714285714285714,2.9489076674886454,DID_FLE_4481_1.csv
4481,2,1,CW,6.571428571428571,6.571428571428571,1.41398013808646,DID_FLE_4481_2.csv
4481,2,2,CW,9.142857142857142,9.142857142857142,1.9669031767646568,DID_FLE_4481_2.csv
4481,2,3,CCW,-9.80952380952381,9.80952380952381,2.110197941252493,DID_FLE_4481_2.csv
4481,2,4,CCW,-8.095238095238095,8.095238095238095,1.741676636882265,DID_FLE_4481_2.csv
4618,1,1,CW,21.523809523809526,21.523809523809526,4.622184428102051,DID_FLE_4618_1.csv
4618,1,2,CW,19.333333333333332,19.333333333333332,4.153524101664522,DID_FLE_4618_1.csv
4618,1,3,CCW,-18.095238095238095,18.095238095238095,3.8883785931525523,DID_FLE_4618_1.csv
4618,1,4,CCW,-19.047619047619047,19.047619047619047,4.092352076661656,DID_FLE_4618_1.csv
4618,2,1,CW,13.333333333333332,13.333333333333332,2.8671321912639565,DID_FLE_4618_2.csv
4618,2,2,CW,11.523809523809524,11.523809523809524,2.4785446562648006,DID_FLE_4618_2.csv
4618,2,3,CCW,-11.333333333333334,11.333333333333334,2.4376268081027797,DID_FLE_4618_2.csv
4618,2,4,CCW,-13.238095238095237,13.238095238095237,2.8466864823529106,DID_FLE_4618_2.csv
4953,1,1,CW,-3.238095238095238,-3.238095238095238,-0.6968509554251878,DID_FLE_4953_1.csv
4953,1,2,CW,3.6190476190476186,3.6190476190476186,0.7788238538951464,DID_FLE_4953_1.csv
4953,1,3,CCW,5.238095238095237,-5.238095238095237,-1.1271690494792383,DID_FLE_4953_1.csv
4953,1,4,CCW,1.0476190476190477,-1.0476190476190477,-0.2254617330887962,DID_FLE_4953_1.csv
4953,2,1,CW,3.238095238095238,3.238095238095238,0.6968509554251878,DID_FLE_4953_2.csv
4953,2,2,CW,1.3333333333333333,1.3333333333333333,0.2869503786231249,DID_FLE_4953_2.csv
4953,2,3,CCW,-1.5238095238095237,1.5238095238095237,0.32794245051710086,DID_FLE_4953_2.csv
4953,2,4,CCW,-5.0476190476190474,5.0476190476190474,1.0861910890134365,DID_FLE_4953_2.csv
5001,1,1,CW,12.761904761904763,12.761904761904763,2.7444471570888855,DID_FLE_5001_1.csv
5001,1,2,CW,9.619047619047619,9.619047619047619,2.0692591962872204,DID_FLE_5001_1.csv
5001,1,3,CCW,-9.904761904761905,9.904761904761905,2.130666508019723,DID_FLE_5001_1.csv
5001,1,4,CCW,-14.571428571428571,14.571428571428571,3.132858026878986,DID_FLE_5001_1.csv
5001,2,1,CW,19.047619047619047,19.047619047619047,4.092352076661656,DID_FLE_5001_2.csv
5001,2,2,CW,15.619047619047619,15.619047619047619,3.35759810292149,DID_FLE_5001_2.csv
5001,2,3,CCW,-18.857142857142858,18.857142857142858,4.0515655254408385,DID_FLE_5001_2.csv
5001,2,4,CCW,-16.952380952380953,16.952380952380953,3.6434805004924042,DID_FLE_5001_2.csv
5171,1,1,CW,8.095238095238095,8.095238095238095,1.741676636882265,DID_FLE_5171_1.csv
5171,1,2,CW,10.285714285714286,10.285714285714286,2.212535282258101,DID_FLE_5171_1.csv
5171,1,3,CCW,-0.5714285714285708,0.5714285714285708,0.12297957304770221,DID_FLE_5171_1.csv
5171,1,4,CCW,0.19047619047619113,-0.19047619047619113,-0.04099324697353102,DID_FLE_5171_1.csv
5171,2,1,CW,7.523809523809524,7.523809523809524,1.618802654165056,DID_FLE_5171_2.csv
5171,2,2,CW,-0.2857142857142858,-0.2857142857142858,-0.06148985734519959,DID_FLE_5171_2.csv
5171,2,3,CCW,-9.80952380952381,9.80952380952381,2.110197941252493,DID_FLE_5171_2.csv
5171,2,4,CCW,-2.5714285714285716,2.5714285714285716,0.5533917198875575,DID_FLE_5171_2.csv
5357,1,1,CW,24.095238095238095,24.095238095238095,5.171556498767396,DID_FLE_5357_1.csv
5357,1,2,CW,21.428571428571427,21.428571428571427,4.6018203202868575,DID_FLE_5357_1.csv
5357,1,3,CCW,-24.476190476190474,24.476190476190474,5.2528663758356435,DID_FLE_5357_1.csv
5357,1,4,CCW,-29.142857142857142,29.142857142857142,6.247094301244971,DID_FLE_5357_1.csv
5357,2,1,CW,17.238095238095237,17.238095238095237,3.7047178735672808,DID_FLE_5357_2.csv
5357,2,2,CW,18.761904761904763,18.761904761904763,4.031170704727983,DID_FLE_5357_2.csv
5357,2,3,CCW,-20.38095238095238,20.38095238095238,4.377739341310217,DID_FLE_5357_2.csv
5357,2,4,CCW,-21.333333333333332,21.333333333333332,4.5814550472588484,DID_FLE_5357_2.csv
5389,1,1,CW,17.523809523809526,17.523809523809526,3.765946772055274,DID_FLE_5389_1.csv
5389,1,2,CW,18.285714285714285,18.285714285714285,3.9291813538200406,DID_FLE_5389_1.csv
5389,1,3,CCW,-10,10,2.1511345307056846,DID_FLE_5389_1.csv
5389,1,4,CCW,51.04761904761905,-51.04761904761905,-10.85444606705068,DID_FLE_5389_1.csv
5389,2,1,CW,5.428571428571428,5.428571428571428,1.1681458567090177,DID_FLE_5389_2.csv
5389,2,2,CW,-4.571428571428573,-4.571428571428573,-0.9837414172590592,DID_FLE_5389_2.csv
5389,2,3,CCW,-26.095238095238095,26.095238095238095,5.598192861861025,DID_FLE_5389_2.csv
5389,2,4,CCW,28.476190476190474,-28.476190476190474,-6.105278694994527,DID_FLE_5389_2.csv
5394,1,1,CW,2.190476190476191,2.190476190476191,0.47141178296424835,DID_FLE_5394_1.csv
5394,1,2,CW,9.142857142857142,9.142857142857142,1.9669031767646568,DID_FLE_5394_1.csv
5394,1,3,CCW,2.571428571428571,-2.571428571428571,-0.5533917198875573,DID_FLE_5394_1.csv
5394,1,4,CCW,-3.2380952380952386,3.2380952380952386,0.6968509554251878,DID_FLE_5394_1.csv
5394,2,1,CW,-0.28571428571428564,-0.28571428571428564,-0.06148985734519955,DID_FLE_5394_2.csv
5394,2,2,CW,3.428571428571429,3.428571428571429,0.7378377822498775,DID_FLE_5394_2.csv
5394,2,3,CCW,0.8571428571428569,-0.8571428571428569,-0.18446900546676903,DID_FLE_5394_2.csv
5394,2,4,CCW,0.285714285714286,-0.285714285714286,-0.061489857345199614,DID_FLE_5394_2.csv
5406,1,1,CW,0,0,0,DID_FLE_5406_1.csv
5406,1,2,CW,-6.857142857142857,-6.857142857142857,-1.4754309267959878,DID_FLE_5406_1.csv
5406,1,3,CCW,3.0476190476190474,-3.0476190476190474,-0.655863415349936,DID_FLE_5406_1.csv
5406,1,4,CCW,12.952380952380953,-12.952380952380953,-2.785345022653796,DID_FLE_5406_1.csv
5406,2,1,CW,-11.142857142857142,-11.142857142857142,-2.3967064718512727,DID_FLE_5406_2.csv
5406,2,2,CW,-7.428571428571429,-7.428571428571429,-1.598322178378875,DID_FLE_5406_2.csv
5406,2,3,CCW,9.714285714285714,-9.714285714285714,-2.089728835607038,DID_FLE_5406_2.csv
5406,2,4,CCW,14.571428571428571,-14.571428571428571,-3.132858026878986,DID_FLE_5406_2.csv
5679,1,1,CW,3.0476190476190474,3.0476190476190474,0.655863415349936,DID_FLE_5679_1.csv
5679,1,2,CW,1.047619047619048,1.047619047619048,0.2254617330887962,DID_FLE_5679_1.csv
5679,1,3,CCW,-4,4,0.8607935639554244,DID_FLE_5679_1.csv
5679,1,4,CCW,-5.142857142857143,5.142857142857143,1.106680210783851,DID_FLE_5679_1.csv
5679,2,1,CW,-5.619047619047619,-5.619047619047619,-1.209121468835411,DID_FLE_5679_2.csv
5679,2,2,CW,-4.9523809523809526,-4.9523809523809526,-1.0657016894025206,DID_FLE_5679_2.csv
5679,2,3,CCW,5.904761904761905,-5.904761904761905,-1.2705825546394023,DID_FLE_5679_2.csv
5679,2,4,CCW,6.9523809523809526,-6.9523809523809526,-1.4959137755710983,DID_FLE_5679_2.csv
5735,1,1,CW,3.0476190476190474,3.0476190476190474,0.655863415349936,DID_FLE_5735_1.csv
5735,1,2,CW,8.19047619047619,8.19047619047619,1.762154106624421,DID_FLE_5735_1.csv
5735,1,3,CCW,-10.380952380952381,10.380952380952381,2.2330010766053556,DID_FLE_5735_1.csv
5735,1,4,CCW,-10.285714285714286,10.285714285714286,2.212535282258101,DID_FLE_5735_1.csv
5735,2,1,CW,8.761904761904763,8.761904761904763,1.8850092860980057,DID_FLE_5735_2.csv
5735,2,2,CW,10.19047619047619,10.19047619047619,2.1920689230258183,DID_FLE_5735_2.csv
5735,2,3,CCW,-10.952380952380953,10.952380952380953,2.3557836890318917,DID_FLE_5735_2.csv
5735,2,4,CCW,-5.142857142857143,5.142857142857143,1.106680210783851,DID_FLE_5735_2.csv
5815,1,1,CW,-9.80952380952381,-9.80952380952381,-2.110197941252493,DID_FLE_5815_1.csv
5815,1,2,CW,-22.476190476190474,-22.476190476190474,-4.825760310636266,DID_FLE_5815_1.csv
5815,1,3,CCW,-4.380952380952382,4.380952380952382,0.9427597502725065,DID_FLE_5815_1.csv
5815,1,4,CCW,30.476190476190474,-30.476190476190474,-6.530493421940254,DID_FLE_5815_1.csv
5815,2,1,CW,-11.904761904761905,-11.904761904761905,-2.5603727223101895,DID_FLE_5815_2.csv
5815,2,2,CW,-22.666666666666668,-22.666666666666668,-4.866461000863792,DID_FLE_5815_2.csv
5815,2,3,CCW,22.285714285714285,-22.285714285714285,-4.785054737993627,DID_FLE_5815_2.csv
5815,2,4,CCW,12.571428571428571,-12.571428571428571,-2.7035464925242176,DID_FLE_5815_2.csv
5855,1,1,CW,18.666666666666668,18.666666666666668,4.010774860734131,DID_FLE_5855_1.csv
5855,1,2,CW,-17.238095238095237,-17.238095238095237,-3.7047178735672808,DID_FLE_5855_1.csv
5855,1,3,CCW,-8.571428571428571,8.571428571428571,1.8440594303678386,DID_FLE_5855_1.csv
5855,1,4,CCW,3.619047619047618,-3.619047619047618,-0.7788238538951462,DID_FLE_5855_1.csv
5855,2,1,CW,12.19047619047619,12.19047619047619,2.6217369320184623,DID_FLE_5855_2.csv
5855,2,2,CW,-2.0952380952380953,-2.0952380952380953,-0.4509164840174675,DID_FLE_5855_2.csv
5855,2,3,CCW,4,-4,-0.8607935639554244,DID_FLE_5855_2.csv
5855,2,4,CCW,20.285714285714285,-20.285714285714285,-4.3573615843752105,DID_FLE_5855_2.csv
5894,1,1,CW,22.19047619047619,22.19047619047619,4.764700133334165,DID_FLE_5894_1.csv
5894,1,2,CW,21.238095238095237,21.238095238095237,4.561088614064282,DID_FLE_5894_1.csv
5894,1,3,CCW,-20.666666666666668,20.666666666666668,4.438865934208997,DID_FLE_5894_1.csv
5894,1,4,CCW,-21.238095238095237,21.238095238095237,4.561088614064282,DID_FLE_5894_1.csv
5894,2,1,CW,21.333333333333332,21.333333333333332,4.5814550472588484,DID_FLE_5894_2.csv
5894,2,2,CW,22.666666666666668,22.666666666666668,4.866461000863792,DID_FLE_5894_2.csv
5894,2,3,CCW,-18.857142857142858,18.857142857142858,4.0515655254408385,DID_FLE_5894_2.csv
5894,2,4,CCW,-18.38095238095238,18.38095238095238,3.9495812399983965,DID_FLE_5894_2.csv
6122,1,1,CW,9.047619047619047,9.047619047619047,1.9464304447249796,DID_FLE_6122_1.csv
6122,1,2,CW,5.333333333333334,5.333333333333334,1.1476575998655103,DID_FLE_6122_1.csv
6122,1,3,CCW,-3.523809523809523,3.523809523809523,0.7583309150903149,DID_FLE_6122_1.csv
6122,1,4,CCW,0.8571428571428568,-0.8571428571428568,-0.18446900546676903,DID_FLE_6122_1.csv
6122,2,1,CW,0.9523809523809522,0.9523809523809522,0.2049653955073276,DID_FLE_6122_2.csv
6122,2,2,CW,2.8571428571428568,2.8571428571428568,0.6148752039573608,DID_FLE_6122_2.csv
6122,2,3,CCW,2.5714285714285716,-2.5714285714285716,-0.5533917198875575,DID_FLE_6122_2.csv
6122,2,4,CCW,2.9523809523809526,-2.9523809523809526,-0.6353693909473225,DID_FLE_6122_2.csv
6173,1,1,CW,12.761904761904763,12.761904761904763,2.7444471570888855,DID_FLE_6173_1.csv
6173,1,2,CW,-4.571428571428573,-4.571428571428573,-0.9837414172590592,DID_FLE_6173_1.csv
6173,1,3,CCW,-10.666666666666668,10.666666666666668,2.294395018353309,DID_FLE_6173_1.csv
6173,1,4,CCW,-12.095238095238095,12.095238095238095,2.601282857227342,DID_FLE_6173_1.csv
6173,2,1,CW,5.904761904761905,5.904761904761905,1.2705825546394023,DID_FLE_6173_2.csv
6173,2,2,CW,12.19047619047619,12.19047619047619,2.6217369320184623,DID_FLE_6173_2.csv
6173,2,3,CCW,-13.904761904761905,13.904761904761905,2.9897909176385458,DID_FLE_6173_2.csv
6173,2,4,CCW,-6.285714285714286,6.285714285714286,1.3525260955535887,DID_FLE_6173_2.csv
6231,1,1,CW,6.9523809523809526,6.9523809523809526,1.4959137755710983,DID_FLE_6231_1.csv
6231,1,2,CW,5.7142857142857135,5.7142857142857135,1.2296088136532846,DID_FLE_6231_1.csv
6231,1,3,CCW,-2,2,0.43042106967203086,DID_FLE_6231_1.csv
6231,1,4,CCW,-0.47619047619047666,0.47619047619047666,0.10248302562826288,DID_FLE_6231_1.csv
6231,2,1,CW,-0.857142857142857,-0.857142857142857,-0.1844690054667691,DID_FLE_6231_2.csv
6231,2,2,CW,0,0,0,DID_FLE_6231_2.csv
6231,2,3,CCW,-1.238095238095238,1.238095238095238,0.2664542298921567,DID_FLE_6231_2.csv
6231,2,4,CCW,0,-0,-0,DID_FLE_6231_2.csv
6260,1,1,CW,28.095238095238095,28.095238095238095,6.024207365946168,DID_FLE_6260_1.csv
6260,1,2,CW,23.333333333333332,23.333333333333332,5.008874387660207,DID_FLE_6260_1.csv
6260,1,3,CCW,-26.19047619047619,26.19047619047619,5.618493730934969,DID_FLE_6260_1.csv
6260,1,4,CCW,-25.714285714285715,25.714285714285715,5.51697533321109,DID_FLE_6260_1.csv
6260,2,1,CW,18,18,3.8679757288650034,DID_FLE_6260_2.csv
6260,2,2,CW,19.523809523809526,19.523809523809526,4.194300191127288,DID_FLE_6260_2.csv
6260,2,3,CCW,-19.142857142857142,19.142857142857142,4.112743796992564,DID_FLE_6260_2.csv
6260,2,4,CCW,-20.095238095238095,20.095238095238095,4.3166027619400404,DID_FLE_6260_2.csv
6272,1,1,CW,-12.380952380952381,-12.380952380952381,-2.6626430703613004,DID_FLE_6272_1.csv
6272,1,2,CW,-9.238095238095237,-9.238095238095237,-1.9873754063700242,DID_FLE_6272_1.csv
6272,1,3,CCW,4.476190476190476,-4.476190476190476,-0.9632507069781268,DID_FLE_6272_1.csv
6272,1,4,CCW,6.761904761904762,-6.761904761904762,-1.4549477008064273,DID_FLE_6272_1.csv
6272,2,1,CW,-2.476190476190477,-2.476190476190477,-0.5328969349735485,DID_FLE_6272_2.csv
6272,2,2,CW,-4.9523809523809526,-4.9523809523809526,-1.0657016894025206,DID_FLE_6272_2.csv
6272,2,3,CCW,7.333333333333333,-7.333333333333333,-1.5778412940377602,DID_FLE_6272_2.csv
6272,2,4,CCW,9.333333333333332,-9.333333333333332,-2.007847128332438,DID_FLE_6272_2.csv
6347,1,1,CW,9.047619047619047,9.047619047619047,1.9464304447249796,DID_FLE_6347_1.csv
6347,1,2,CW,-14.285714285714286,-14.285714285714286,-3.0715482355370805,DID_FLE_6347_1.csv
6347,1,3,CCW,-0.9523809523809522,0.9523809523809522,0.2049653955073276,DID_FLE_6347_1.csv
6347,1,4,CCW,9.523809523809522,-9.523809523809522,-2.048789028497722,DID_FLE_6347_1.csv
6347,2,1,CW,-4,-4,-0.8607935639554244,DID_FLE_6347_2.csv
6347,2,2,CW,-7.523809523809523,-7.523809523809523,-1.618802654165056,DID_FLE_6347_2.csv
6347,2,3,CCW,0.571428571428573,-0.571428571428573,-0.12297957304770267,DID_FLE_6347_2.csv
6347,2,4,CCW,13.142857142857146,-13.142857142857146,-2.8262400478345224,DID_FLE_6347_2.csv
6402,1,1,CW,11.904761904761905,11.904761904761905,2.5603727223101895,DID_FLE_6402_1.csv
6402,1,2,CW,8.761904761904763,8.761904761904763,1.8850092860980057,DID_FLE_6402_1.csv
6402,1,3,CCW,-11.238095238095237,11.238095238095237,2.4171669483934646,DID_FLE_6402_1.csv
6402,1,4,CCW,-13.523809523809524,13.523809523809524,2.9080214115925687,DID_FLE_6402_1.csv
6402,2,1,CW,14.380952380952381,14.380952380952381,3.0919856219189494,DID_FLE_6402_2.csv
6402,2,2,CW,11.80952380952381,11.80952380952381,2.539916672548988,DID_FLE_6402_2.csv
6402,2,3,CCW,-11.714285714285714,11.714285714285714,2.5194599748309234,DID_FLE_6402_2.csv
6402,2,4,CCW,-12,12,2.5808281189306137,DID_FLE_6402_2.csv
6433,1,1,CW,1.4285714285714282,1.4285714285714282,0.30744645391317155,DID_FLE_6433_1.csv
6433,1,2,CW,-6.666666666666666,-6.666666666666666,-1.4344641028279,DID_FLE_6433_1.csv
6433,1,3,CCW,4.571428571428571,-4.571428571428571,-0.9837414172590587,DID_FLE_6433_1.csv
6433,1,4,CCW,0.8571428571428571,-0.8571428571428571,-0.1844690054667691,DID_FLE_6433_1.csv
6433,2,1,CW,-0.8571428571428573,-0.8571428571428573,-0.18446900546676911,DID_FLE_6433_2.csv
6433,2,2,CW,-7.714285714285714,-7.714285714285714,-1.6597623591881736,DID_FLE_6433_2.csv
6433,2,3,CCW,-1.047619047619048,1.047619047619048,0.2254617330887962,DID_FLE_6433_2.csv
6433,2,4,CCW,1.5238095238095237,-1.5238095238095237,-0.32794245051710086,DID_FLE_6433_2.csv
6444,1,1,CW,11.714285714285714,11.714285714285714,2.5194599748309234,DID_FLE_6444_1.csv
6444,1,2,CW,18.857142857142858,18.857142857142858,4.0515655254408385,DID_FLE_6444_1.csv
6444,1,3,CCW,-12.761904761904763,12.761904761904763,2.7444471570888855,DID_FLE_6444_1.csv
6444,1,4,CCW,-17.047619047619047,17.047619047619047,3.6638938912778616,DID_FLE_6444_1.csv
6444,2,1,CW,16.285714285714285,16.285714285714285,3.500561116302826,DID_FLE_6444_2.csv
6444,2,2,CW,8.19047619047619,8.19047619047619,1.762154106624421,DID_FLE_6444_2.csv
6444,2,3,CCW,-15.333333333333332,15.333333333333332,3.2963153204461517,DID_FLE_6444_2.csv
6444,2,4,CCW,-14.857142857142858,14.857142857142858,3.194160637513974,DID_FLE_6444_2.csv
6467,1,1,CW,14.952380952380953,14.952380952380953,3.214593221307257,DID_FLE_6467_1.csv
6467,1,2,CW,10.857142857142858,10.857142857142858,2.3353213931388463,DID_FLE_6467_1.csv
6467,1,3,CCW,-11.80952380952381,11.80952380952381,2.539916672548988,DID_FLE_6467_1.csv
6467,1,4,CCW,-12.952380952380953,12.952380952380953,2.785345022653796,DID_FLE_6467_1.csv
6467,2,1,CW,10.666666666666668,10.666666666666668,2.294395018353309,DID_FLE_6467_2.csv
6467,2,2,CW,7.142857142857143,7.142857142857143,1.5368783205789305,DID_FLE_6467_2.csv
6467,2,3,CCW,-12.380952380952381,12.380952380952381,2.6626430703613004,DID_FLE_6467_2.csv
6467,2,4,CCW,-8.952380952380953,8.952380952380953,1.9259572154604034,DID_FLE_6467_2.csv
6610,1,1,CW,5.142857142857143,5.142857142857143,1.106680210783851,DID_FLE_6610_1.csv
6610,1,2,CW,5.428571428571429,5.428571428571429,1.1681458567090177,DID_FLE_6610_1.csv
6610,1,3,CCW,-4.571428571428571,4.571428571428571,0.9837414172590587,DID_FLE_6610_1.csv
6610,1,4,CCW,-5.238095238095238,5.238095238095238,1.1271690494792383,DID_FLE_6610_1.csv
6610,2,1,CW,5.619047619047619,5.619047619047619,1.209121468835411,DID_FLE_6610_2.csv
6610,2,2,CW,6.190476190476191,6.190476190476191,1.3320407160321612,DID_FLE_6610_2.csv
6610,2,3,CCW,-5.809523809523809,5.809523809523809,1.2500958439983874,DID_FLE_6610_2.csv
6610,2,4,CCW,-5.238095238095238,5.238095238095238,1.1271690494792383,DID_FLE_6610_2.csv
6636,1,1,CW,11.80952380952381,11.80952380952381,2.539916672548988,DID_FLE_6636_1.csv
6636,1,2,CW,10.380952380952381,10.380952380952381,2.2330010766053556,DID_FLE_6636_1.csv
6636,1,3,CCW,-15.047619047619047,15.047619047619047,3.2350249866433978,DID_FLE_6636_1.csv
6636,1,4,CCW,-14.666666666666668,14.666666666666668,3.153293035149833,DID_FLE_6636_1.csv
6636,2,1,CW,8.666666666666668,8.666666666666668,1.864534596422782,DID_FLE_6636_2.csv
6636,2,2,CW,7.7142857142857135,7.7142857142857135,1.6597623591881732,DID_FLE_6636_2.csv
6636,2,3,CCW,-8.380952380952381,8.380952380952381,1.803107689972074,DID_FLE_6636_2.csv
6636,2,4,CCW,-11.714285714285714,11.714285714285714,2.5194599748309234,DID_FLE_6636_2.csv
6663,1,1,CW,-0.9523809523809522,-0.9523809523809522,-0.2049653955073276,DID_FLE_6663_1.csv
6663,1,2,CW,-1.8095238095238095,-1.8095238095238095,-0.3894299157620836,DID_FLE_6663_1.csv
6663,1,3,CCW,0.4761904761904773,-0.4761904761904773,-0.102483025628263,DID_FLE_6663_1.csv
6663,1,4,CCW,-0.7619047619047616,0.7619047619047616,0.16397256821279999,DID_FLE_6663_1.csv
6663,2,1,CW,-0.38095238095238115,-0.38095238095238115,-0.08198645197877479,DID_FLE_6663_2.csv
6663,2,2,CW,-5.333333333333333,-5.333333333333333,-1.14765759986551,DID_FLE_6663_2.csv
6663,2,3,CCW,-3.2380952380952386,3.2380952380952386,0.6968509554251878,DID_FLE_6663_2.csv
6663,2,4,CCW,8.476190476190476,-8.476190476190476,-1.8235837931463168,DID_FLE_6663_2.csv
6688,1,1,CW,17.523809523809526,17.523809523809526,3.765946772055274,DID_FLE_6688_1.csv
6688,1,2,CW,20.857142857142858,20.857142857142858,4.4796113806066495,DID_FLE_6688_1.csv
6688,1,3,CCW,-23.80952380952381,23.80952380952381,5.110560362934734,DID_FLE_6688_1.csv
6688,1,4,CCW,-22.38095238095238,22.38095238095238,4.805408132103788,DID_FLE_6688_1.csv
6688,2,1,CW,13.714285714285714,13.714285714285714,2.9489076674886454,DID_FLE_6688_2.csv
6688,2,2,CW,14.952380952380953,14.952380952380953,3.214593221307257,DID_FLE_6688_2.csv
6688,2,3,CCW,-16.857142857142858,16.857142857142858,3.623066183437972,DID_FLE_6688_2.csv
6688,2,4,CCW,-16.952380952380953,16.952380952380953,3.6434805004924042,DID_FLE_6688_2.csv
6877,1,1,CW,2.952380952380954,2.952380952380954,0.6353693909473227,DID_FLE_6877_1.csv
6877,1,2,CW,7.523809523809523,7.523809523809523,1.618802654165056,DID_FLE_6877_1.csv
6877,1,3,CCW,4.666666666666667,-4.666666666666667,-1.0042318758783413,DID_FLE_6877_1.csv
6877,1,4,CCW,-1.5238095238095235,1.5238095238095235,0.32794245051710086,DID_FLE_6877_1.csv
6877,2,1,CW,12.666666666666666,12.666666666666666,2.723997172094324,DID_FLE_6877_2.csv
6877,2,2,CW,0,0,0,DID_FLE_6877_2.csv
6877,2,3,CCW,-14.380952380952381,14.380952380952381,3.0919856219189494,DID_FLE_6877_2.csv
6877,2,4,CCW,-13.80952380952381,13.80952380952381,2.9693496708632576,DID_FLE_6877_2.csv
6896,1,1,CW,17.904761904761905,17.904761904761905,3.847571882078474,DID_FLE_6896_1.csv
6896,1,2,CW,-0.9523809523809521,-0.9523809523809521,-0.2049653955073276,DID_FLE_6896_1.csv
6896,1,3,CCW,-20.952380952380953,20.952380952380953,4.499982403970006,DID_FLE_6896_1.csv
6896,1,4,CCW,-18.666666666666668,18.666666666666668,4.010774860734131,DID_FLE_6896_1.csv
6896,2,1,CW,8.571428571428573,8.571428571428573,1.8440594303678393,DID_FLE_6896_2.csv
6896,2,2,CW,8.761904761904763,8.761904761904763,1.8850092860980057,DID_FLE_6896_2.csv
6896,2,3,CCW,-7.0476190476190474,7.0476190476190474,1.5163962419068522,DID_FLE_6896_2.csv
6896,2,4,CCW,-4.761904761904761,4.761904761904761,1.0247220775993988,DID_FLE_6896_2.csv
7049,1,1,CW,2.1904761904761907,2.1904761904761907,0.4714117829642481,DID_FLE_7049_1.csv
7049,1,2,CW,-2.9523809523809526,-2.9523809523809526,-0.6353693909473225,DID_FLE_7049_1.csv
7049,1,3,CCW,-7.047619047619046,7.047619047619046,1.5163962419068515,DID_FLE_7049_1.csv
7049,1,4,CCW,0.47619047619047683,-0.47619047619047683,-0.10248302562826289,DID_FLE_7049_1.csv
7049,2,1,CW,2.571428571428571,2.571428571428571,0.5533917198875573,DID_FLE_7049_2.csv
7049,2,2,CW,1.2380952380952381,1.2380952380952381,0.2664542298921568,DID_FLE_7049_2.csv
7049,2,3,CCW,-4.666666666666667,4.666666666666667,1.0042318758783413,DID_FLE_7049_2.csv
7049,2,4,CCW,-2.8571428571428568,2.8571428571428568,0.6148752039573608,DID_FLE_7049_2.csv
7340,1,1,CW,8.19047619047619,8.19047619047619,1.762154106624421,DID_FLE_7340_1.csv
7340,1,2,CW,-23.80952380952381,-23.80952380952381,-5.110560362934734,DID_FLE_7340_1.csv
7340,1,3,CCW,-30.095238095238095,30.095238095238095,6.449554373641948,DID_FLE_7340_1.csv
7340,1,4,CCW,34.476190476190474,-34.476190476190474,-7.3787144684048585,DID_FLE_7340_1.csv
7340,2,1,CW,12.952380952380953,12.952380952380953,2.785345022653796,DID_FLE_7340_2.csv
7340,2,2,CW,-30.666666666666668,-30.666666666666668,-6.570953151973681,DID_FLE_7340_2.csv
7340,2,3,CCW,-16.761904761904763,16.761904761904763,3.602650945234967,DID_FLE_7340_2.csv
7340,2,4,CCW,43.142857142857146,-43.142857142857146,-9.204950741479223,DID_FLE_7340_2.csv
7533,1,1,CW,0.8571428571428569,0.8571428571428569,0.18446900546676903,DID_FLE_7533_1.csv
7533,1,2,CW,-4,-4,-0.8607935639554244,DID_FLE_7533_1.csv
7533,1,3,CCW,0.857142857142858,-0.857142857142858,-0.18446900546676925,DID_FLE_7533_1.csv
7533,1,4,CCW,-3.7142857142857135,3.7142857142857135,0.7993165934239902,DID_FLE_7533_1.csv
7533,2,1,CW,-15.047619047619047,-15.047619047619047,-3.2350249866433978,DID_FLE_7533_2.csv
7533,2,2,CW,-10.285714285714286,-10.285714285714286,-2.212535282258101,DID_FLE_7533_2.csv
7533,2,3,CCW,13.142857142857144,-13.142857142857144,-2.826240047834522,DID_FLE_7533_2.csv
7533,2,4,CCW,7.714285714285714,-7.714285714285714,-1.6597623591881736,DID_FLE_7533_2.csv
7585,1,1,CW,3.333333333333333,3.333333333333333,0.7173444606145121,DID_FLE_7585_1.csv
7585,1,2,CW,-2.0952380952380953,-2.0952380952380953,-0.4509164840174675,DID_FLE_7585_1.csv
7585,1,3,CCW,-0.28571428571428614,0.28571428571428614,0.06148985734519967,DID_FLE_7585_1.csv
7585,1,4,CCW,8.476190476190476,-8.476190476190476,-1.8235837931463168,DID_FLE_7585_1.csv
7585,2,1,CW,3.333333333333333,3.333333333333333,0.7173444606145121,DID_FLE_7585_2.csv
7585,2,2,CW,3.714285714285714,3.714285714285714,0.7993165934239903,DID_FLE_7585_2.csv
7585,2,3,CCW,3.333333333333333,-3.333333333333333,-0.7173444606145121,DID_FLE_7585_2.csv
7585,2,4,CCW,-0.5714285714285716,0.5714285714285716,0.12297957304770238,DID_FLE_7585_2.csv
7669,1,1,CW,3.333333333333333,3.333333333333333,0.7173444606145121,DID_FLE_7669_1.csv
7669,1,2,CW,-0.8571428571428569,-0.8571428571428569,-0.18446900546676903,DID_FLE_7669_1.csv
7669,1,3,CCW,-2.380952380952381,2.380952380952381,0.5124020136860107,DID_FLE_7669_1.csv
7669,1,4,CCW,-0.7619047619047626,0.7619047619047626,0.1639725682128002,DID_FLE_7669_1.csv
7669,2,1,CW,4.095238095238095,4.095238095238095,0.8812854539827469,DID_FLE_7669_2.csv
7669,2,2,CW,-0.47619047619047633,-0.47619047619047633,-0.10248302562826281,DID_FLE_7669_2.csv
7669,2,3,CCW,-5.428571428571428,5.428571428571428,1.1681458567090177,DID_FLE_7669_2.csv
7669,2,4,CCW,-0.2857142857142863,0.2857142857142863,0.06148985734519969,DID_FLE_7669_2.csv
7680,1,1,CW,3.714285714285714,3.714285714285714,0.7993165934239903,DID_FLE_7680_1.csv
7680,1,2,CW,-0.19047619047619055,-0.19047619047619055,-0.04099324697353088,DID_FLE_7680_1.csv
7680,1,3,CCW,3.2380952380952386,-3.2380952380952386,-0.6968509554251878,DID_FLE_7680_1.csv
7680,1,4,CCW,-4.571428571428573,4.571428571428573,0.9837414172590592,DID_FLE_7680_1.csv
7680,2,1,CW,-1.5238095238095235,-1.5238095238095235,-0.32794245051710086,DID_FLE_7680_2.csv
7680,2,2,CW,2.095238095238096,2.095238095238096,0.4509164840174675,DID_FLE_7680_2.csv
7680,2,3,CCW,0.1904761904761908,-0.1904761904761908,-0.04099324697353094,DID_FLE_7680_2.csv
7680,2,4,CCW,-0.47619047619047616,0.47619047619047616,0.10248302562826275,DID_FLE_7680_2.csv
7781,1,1,CW,-4.190476190476192,-4.190476190476192,-0.9017771185369261,DID_FLE_7781_1.csv
7781,1,2,CW,-10.285714285714286,-10.285714285714286,-2.212535282258101,DID_FLE_7781_1.csv
7781,1,3,CCW,-4.571428571428573,4.571428571428573,0.9837414172590592,DID_FLE_7781_1.csv
7781,1,4,CCW,17.714285714285715,-17.714285714285715,-3.8067612614280657,DID_FLE_7781_1.csv
7781,2,1,CW,-7.333333333333333,-7.333333333333333,-1.5778412940377602,DID_FLE_7781_2.csv
7781,2,2,CW,0.9523809523809537,0.9523809523809537,0.2049653955073279,DID_FLE_7781_2.csv
7781,2,3,CCW,-9.619047619047619,9.619047619047619,2.0692591962872204,DID_FLE_7781_2.csv
7781,2,4,CCW,-9.142857142857142,9.142857142857142,1.9669031767646568,DID_FLE_7781_2.csv
7924,1,1,CW,8.857142857142858,8.857142857142858,1.9054834941811034,DID_FLE_7924_1.csv
7924,1,2,CW,11.238095238095237,11.238095238095237,2.4171669483934646,DID_FLE_7924_1.csv
7924,1,3,CCW,-10.571428571428571,10.571428571428571,2.2739309498504485,DID_FLE_7924_1.csv
7924,1,4,CCW,-12.857142857142858,12.857142857142858,2.7648964423332396,DID_FLE_7924_1.csv
7924,2,1,CW,7.904761904761905,7.904761904761905,1.700720367344611,DID_FLE_7924_2.csv
7924,2,2,CW,7.428571428571428,7.428571428571428,1.598322178378875,DID_FLE_7924_2.csv
7924,2,3,CCW,-8,8,1.7211987220498797,DID_FLE_7924_2.csv
7924,2,4,CCW,-7.428571428571429,7.428571428571429,1.598322178378875,DID_FLE_7924_2.csv
7994,1,1,CW,3.523809523809523,3.523809523809523,0.7583309150903149,DID_FLE_7994_1.csv
7994,1,2,CW,2.571428571428571,2.571428571428571,0.5533917198875573,DID_FLE_7994_1.csv
7994,1,3,CCW,2.190476190476191,-2.190476190476191,-0.47141178296424835,DID_FLE_7994_1.csv
7994,1,4,CCW,-3.1428571428571432,3.1428571428571432,0.6763572719231545,DID_FLE_7994_1.csv
7994,2,1,CW,-7.809523809523809,-7.809523809523809,-1.6802415779844802,DID_FLE_7994_2.csv
7994,2,2,CW,0.4761904761904766,0.4761904761904766,0.10248302562826284,DID_FLE_7994_2.csv
7994,2,3,CCW,-1.1428571428571423,1.1428571428571423,0.2459580129655759,DID_FLE_7994_2.csv
7994,2,4,CCW,2.1904761904761907,-2.1904761904761907,-0.4714117829642481,DID_FLE_7994_2.csv
8139,1,1,CW,0.5714285714285716,0.5714285714285716,0.12297957304770238,DID_FLE_8139_1.csv
8139,1,2,CW,2.190476190476191,2.190476190476191,0.47141178296424835,DID_FLE_8139_1.csv
8139,1,3,CCW,-4,4,0.8607935639554244,DID_FLE_8139_1.csv
8139,1,4,CCW,-3.333333333333333,3.333333333333333,0.7173444606145121,DID_FLE_8139_1.csv
8139,2,1,CW,-0.7619047619047618,-0.7619047619047618,-0.16397256821280004,DID_FLE_8139_2.csv
8139,2,2,CW,-2.9523809523809526,-2.9523809523809526,-0.6353693909473225,DID_FLE_8139_2.csv
8139,2,3,CCW,-2.285714285714286,2.285714285714286,0.4919069612683689,DID_FLE_8139_2.csv
8139,2,4,CCW,-0.3809523809523816,0.3809523809523816,0.08198645197877487,DID_FLE_8139_2.csv
8145,1,1,CW,-5.523809523809523,-5.523809523809523,-1.1886338147765643,DID_FLE_8145_1.csv
8145,1,2,CW,-5.047619047619047,-5.047619047619047,-1.0861910890134365,DID_FLE_8145_1.csv
8145,1,3,CCW,2.9523809523809526,-2.9523809523809526,-0.6353693909473225,DID_FLE_8145_1.csv
8145,1,4,CCW,5.428571428571428,-5.428571428571428,-1.1681458567090177,DID_FLE_8145_1.csv
8145,2,1,CW,-4.571428571428572,-4.571428571428572,-0.983741417259059,DID_FLE_8145_2.csv
8145,2,2,CW,-7.523809523809524,-7.523809523809524,-1.618802654165056,DID_FLE_8145_2.csv
8145,2,3,CCW,1.8095238095238089,-1.8095238095238089,-0.38942991576208347,DID_FLE_8145_2.csv
8145,2,4,CCW,0.9523809523809522,-0.9523809523809522,-0.2049653955073276,DID_FLE_8145_2.csv
8325,1,1,CW,11.904761904761905,11.904761904761905,2.5603727223101895,DID_FLE_8325_1.csv
8325,1,2,CW,11.904761904761905,11.904761904761905,2.5603727223101895,DID_FLE_8325_1.csv
8325,1,3,CCW,-4.666666666666666,4.666666666666666,1.0042318758783408,DID_FLE_8325_1.csv
8325,1,4,CCW,-8.761904761904765,8.761904761904765,1.8850092860980066,DID_FLE_8325_1.csv
8325,2,1,CW,12.476190476190476,12.476190476190476,2.6830951235542857,DID_FLE_8325_2.csv
8325,2,2,CW,14.761904761904763,14.761904761904763,3.173727240411702,DID_FLE_8325_2.csv
8325,2,3,CCW,-11.333333333333332,11.333333333333332,2.4376268081027797,DID_FLE_8325_2.csv
8325,2,4,CCW,-14,14,3.0102314026531682,DID_FLE_8325_2.csv
8348,1,1,CW,11.142857142857144,11.142857142857144,2.3967064718512727,DID_FLE_8348_1.csv
8348,1,2,CW,6.095238095238095,6.095238095238095,1.3115549958863637,DID_FLE_8348_1.csv
8348,1,3,CCW,-2.571428571428571,2.571428571428571,0.5533917198875573,DID_FLE_8348_1.csv
8348,1,4,CCW,-0.5714285714285717,0.5714285714285717,0.1229795730477024,DID_FLE_8348_1.csv
8348,2,1,CW,2.9523809523809526,2.9523809523809526,0.6353693909473225,DID_FLE_8348_2.csv
8348,2,2,CW,-2.2857142857142856,-2.2857142857142856,-0.49190696126836875,DID_FLE_8348_2.csv
8348,2,3,CCW,-3.904761904761904,3.904761904761904,0.8403014536937294,DID_FLE_8348_2.csv
8348,2,4,CCW,0.666666666666667,-0.666666666666667,-0.1434760889911724,DID_FLE_8348_2.csv
8360,1,1,CW,30.38095238095238,30.38095238095238,6.510261101121769,DID_FLE_8360_1.csv
8360,1,2,CW,3.2380952380952386,3.2380952380952386,0.6968509554251878,DID_FLE_8360_1.csv
8360,1,3,CCW,-28.38095238095238,28.38095238095238,6.085013150409522,DID_FLE_8360_1.csv
8360,1,4,CCW,1.2380952380952372,-1.2380952380952372,-0.2664542298921565,DID_FLE_8360_1.csv
8360,2,1,CW,19.238095238095237,19.238095238095237,4.133134473688386,DID_FLE_8360_2.csv
8360,2,2,CW,4.9523809523809526,4.9523809523809526,1.0657016894025206,DID_FLE_8360_2.csv
8360,2,3,CCW,-17.238095238095237,17.238095238095237,3.7047178735672808,DID_FLE_8360_2.csv
8360,2,4,CCW,-4.952380952380954,4.952380952380954,1.0657016894025206,DID_FLE_8360_2.csv
8381,1,1,CW,10.952380952380953,10.952380952380953,2.3557836890318917,DID_FLE_8381_1.csv
8381,1,2,CW,14,14,3.0102314026531682,DID_FLE_8381_1.csv
8381,1,3,CCW,-11.523809523809524,11.523809523809524,2.4785446562648006,DID_FLE_8381_1.csv
8381,1,4,CCW,-3.5238095238095224,3.5238095238095224,0.7583309150903149,DID_FLE_8381_1.csv
8381,2,1,CW,10.952380952380953,10.952380952380953,2.3557836890318917,DID_FLE_8381_2.csv
8381,2,2,CW,9.238095238095237,9.238095238095237,1.9873754063700242,DID_FLE_8381_2.csv
8381,2,3,CCW,-7.333333333333334,7.333333333333334,1.577841294037761,DID_FLE_8381_2.csv
8381,2,4,CCW,-6.571428571428571,6.571428571428571,1.41398013808646,DID_FLE_8381_2.csv
8452,1,1,CW,12.761904761904763,12.761904761904763,2.7444471570888855,DID_FLE_8452_1.csv
8452,1,2,CW,9.142857142857142,9.142857142857142,1.9669031767646568,DID_FLE_8452_1.csv
8452,1,3,CCW,-3.809523809523809,3.809523809523809,0.8198091284367717,DID_FLE_8452_1.csv
8452,1,4,CCW,-1.9047619047619044,1.9047619047619044,0.4099255451721194,DID_FLE_8452_1.csv
8452,2,1,CW,-2.0952380952380953,-2.0952380952380953,-0.4509164840174675,DID_FLE_8452_2.csv
8452,2,2,CW,-14.666666666666668,-14.666666666666668,-3.153293035149833,DID_FLE_8452_2.csv
8452,2,3,CCW,-3.0476190476190466,3.0476190476190466,0.6558634153499359,DID_FLE_8452_2.csv
8452,2,4,CCW,-5.619047619047619,5.619047619047619,1.209121468835411,DID_FLE_8452_2.csv
8613,1,1,CW,-7.142857142857143,-7.142857142857143,-1.5368783205789305,DID_FLE_8613_1.csv
8613,1,2,CW,-5.714285714285714,-5.714285714285714,-1.2296088136532848,DID_FLE_8613_1.csv
8613,1,3,CCW,9.238095238095237,-9.238095238095237,-1.9873754063700242,DID_FLE_8613_1.csv
8613,1,4,CCW,16,-16,-3.439296493168245,DID_FLE_8613_1.csv
8613,2,1,CW,-6.571428571428572,-6.571428571428572,-1.4139801380864603,DID_FLE_8613_2.csv
8613,2,2,CW,-28.761904761904763,-28.761904761904763,-6.166066109481207,DID_FLE_8613_2.csv
8613,2,3,CCW,11.523809523809524,-11.523809523809524,-2.4785446562648006,DID_FLE_8613_2.csv
8613,2,4,CCW,22.666666666666668,-22.666666666666668,-4.866461000863792,DID_FLE_8613_2.csv
8699,1,1,CW,0.09523809523809548,0.09523809523809548,0.02049662610978645,DID_FLE_8699_1.csv
8699,1,2,CW,-1.9047619047619047,-1.9047619047619047,-0.4099255451721194,DID_FLE_8699_1.csv
8699,1,3,CCW,-3.0476190476190474,3.0476190476190474,0.655863415349936,DID_FLE_8699_1.csv
8699,1,4,CCW,-0.3809523809523809,0.3809523809523809,0.08198645197877472,DID_FLE_8699_1.csv
8699,2,1,CW,2.4761904761904763,2.4761904761904763,0.5328969349735484,DID_FLE_8699_2.csv
8699,2,2,CW,0.571428571428573,0.571428571428573,0.12297957304770267,DID_FLE_8699_2.csv
8699,2,3,CCW,0.28571428571428614,-0.28571428571428614,-0.06148985734519967,DID_FLE_8699_2.csv
8699,2,4,CCW,-1.1428571428571432,1.1428571428571432,0.2459580129655761,DID_FLE_8699_2.csv
8788,1,1,CW,-11.047619047619046,-11.047619047619046,-2.376245383666878,DID_FLE_8788_1.csv
8788,1,2,CW,-8.761904761904763,-8.761904761904763,-1.8850092860980057,DID_FLE_8788_1.csv
8788,1,3,CCW,21.523809523809526,-21.523809523809526,-4.622184428102051,DID_FLE_8788_1.csv
8788,1,4,CCW,17.333333333333332,-17.333333333333332,-3.725128454837498,DID_FLE_8788_1.csv
8788,2,1,CW,-7.0476190476190474,-7.0476190476190474,-1.5163962419068522,DID_FLE_8788_2.csv
8788,2,2,CW,-6.190476190476191,-6.190476190476191,-1.3320407160321612,DID_FLE_8788_2.csv
8788,2,3,CCW,-7.238095238095238,7.238095238095238,1.5573600063636077,DID_FLE_8788_2.csv
8788,2,4,CCW,13.047619047619047,-13.047619047619047,-2.8057928928780345,DID_FLE_8788_2.csv
8809,1,1,CW,13.238095238095237,13.238095238095237,2.8466864823529106,DID_FLE_8809_1.csv
8809,1,2,CW,6.380952380952382,6.380952380952382,1.3730111292218612,DID_FLE_8809_1.csv
8809,1,3,CCW,-14.380952380952381,14.380952380952381,3.0919856219189494,DID_FLE_8809_1.csv
8809,1,4,CCW,-8.571428571428573,8.571428571428573,1.8440594303678393,DID_FLE_8809_1.csv
8809,2,1,CW,11.428571428571429,11.428571428571429,2.4580860457894853,DID_FLE_8809_2.csv
8809,2,2,CW,12.476190476190478,12.476190476190478,2.683095123554286,DID_FLE_8809_2.csv
8809,2,3,CCW,-23.80952380952381,23.80952380952381,5.110560362934734,DID_FLE_8809_2.csv
8809,2,4,CCW,-11.047619047619046,11.047619047619046,2.376245383666878,DID_FLE_8809_2.csv
9101,1,1,CW,12.952380952380953,12.952380952380953,2.785345022653796,DID_FLE_9101_1.csv
9101,1,2,CW,0.2857142857142863,0.2857142857142863,0.06148985734519969,DID_FLE_9101_1.csv
9101,1,3,CCW,-19.904761904761905,19.904761904761905,4.275839561871268,DID_FLE_9101_1.csv
9101,1,4,CCW,-14.666666666666668,14.666666666666668,3.153293035149833,DID_FLE_9101_1.csv
9101,2,1,CW,10.857142857142858,10.857142857142858,2.3353213931388463,DID_FLE_9101_2.csv
9101,2,2,CW,6.9523809523809526,6.9523809523809526,1.4959137755710983,DID_FLE_9101_2.csv
9101,2,3,CCW,-14.285714285714286,14.285714285714286,3.0715482355370805,DID_FLE_9101_2.csv
9101,2,4,CCW,-6.9523809523809526,6.9523809523809526,1.4959137755710983,DID_FLE_9101_2.csv
9224,1,1,CW,13.428571428571427,13.428571428571427,2.887577169399518,DID_FLE_9224_1.csv
9224,1,2,CW,15.714285714285714,15.714285714285714,3.3780239950148814,DID_FLE_9224_1.csv
9224,1,3,CCW,-21.904761904761905,21.904761904761905,4.703629106371059,DID_FLE_9224_1.csv
9224,1,4,CCW,-12.380952380952381,12.380952380952381,2.6626430703613004,DID_FLE_9224_1.csv
9224,2,1,CW,12.380952380952381,12.380952380952381,2.6626430703613004,DID_FLE_9224_2.csv
9224,2,2,CW,8.761904761904763,8.761904761904763,1.8850092860980057,DID_FLE_9224_2.csv
9224,2,3,CCW,-12.380952380952381,12.380952380952381,2.6626430703613004,DID_FLE_9224_2.csv
9224,2,4,CCW,-10.380952380952381,10.380952380952381,2.2330010766053556,DID_FLE_9224_2.csv
9273,1,1,CW,5.714285714285714,5.714285714285714,1.2296088136532848,DID_FLE_9273_1.csv
9273,1,2,CW,4.2857142857142865,4.2857142857142865,0.9222685523795362,DID_FLE_9273_1.csv
9273,1,3,CCW,-11.523809523809524,11.523809523809524,2.4785446562648006,DID_FLE_9273_1.csv
9273,1,4,CCW,-4.190476190476191,4.190476190476191,0.9017771185369261,DID_FLE_9273_1.csv
9273,2,1,CW,-6.761904761904761,-6.761904761904761,-1.454947700806427,DID_FLE_9273_2.csv
9273,2,2,CW,-5.333333333333334,-5.333333333333334,-1.1476575998655103,DID_FLE_9273_2.csv
9273,2,3,CCW,4.9523809523809526,-4.9523809523809526,-1.0657016894025206,DID_FLE_9273_2.csv
9273,2,4,CCW,3.5238095238095233,-3.5238095238095233,-0.7583309150903151,DID_FLE_9273_2.csv
9445,1,1,CW,-3.1428571428571423,-3.1428571428571423,-0.6763572719231544,DID_FLE_9445_1.csv
9445,1,2,CW,-4.952380952380953,-4.952380952380953,-1.0657016894025206,DID_FLE_9445_1.csv
9445,1,3,CCW,6.380952380952381,-6.380952380952381,-1.3730111292218612,DID_FLE_9445_1.csv
9445,1,4,CCW,4.952380952380954,-4.952380952380954,-1.0657016894025206,DID_FLE_9445_1.csv
9445,2,1,CW,-6.2857142857142865,-6.2857142857142865,-1.352526095553589,DID_FLE_9445_2.csv
9445,2,2,CW,-6.9523809523809526,-6.9523809523809526,-1.4959137755710983,DID_FLE_9445_2.csv
9445,2,3,CCW,17.142857142857142,-17.142857142857142,-3.6843063506753486,DID_FLE_9445_2.csv
9445,2,4,CCW,11.904761904761905,-11.904761904761905,-2.5603727223101895,DID_FLE_9445_2.csv
9459,1,1,CW,25.333333333333332,25.333333333333332,5.435735558707229,DID_FLE_9459_1.csv
9459,1,2,CW,20.285714285714285,20.285714285714285,4.3573615843752105,DID_FLE_9459_1.csv
9459,1,3,CCW,-26.857142857142858,26.857142857142858,5.760559913671967,DID_FLE_9459_1.csv
9459,1,4,CCW,-24.38095238095238,24.38095238095238,5.232540882690263,DID_FLE_9459_1.csv
9459,2,1,CW,25.80952380952381,25.80952380952381,5.53728181331888,DID_FLE_9459_2.csv
9459,2,2,CW,27.428571428571427,27.428571428571427,5.882274452547107,DID_FLE_9459_2.csv
9459,2,3,CCW,-29.80952380952381,29.80952380952381,6.388833100558831,DID_FLE_9459_2.csv
9459,2,4,CCW,-27.333333333333332,27.333333333333332,5.8619923655690584,DID_FLE_9459_2.csv
9490,1,1,CW,5.333333333333333,5.333333333333333,1.14765759986551,DID_FLE_9490_1.csv
9490,1,2,CW,-0.5714285714285716,-0.5714285714285716,-0.12297957304770238,DID_FLE_9490_1.csv
9490,1,3,CCW,-3.809523809523809,3.809523809523809,0.8198091284367717,DID_FLE_9490_1.csv
9490,1,4,CCW,-3.9047619047619047,3.9047619047619047,0.8403014536937294,DID_FLE_9490_1.csv
9490,2,1,CW,-2.4761904761904763,-2.4761904761904763,-0.5328969349735484,DID_FLE_9490_2.csv
9490,2,2,CW,-1.5238095238095237,-1.5238095238095237,-0.32794245051710086,DID_FLE_9490_2.csv
9490,2,3,CCW,2.5714285714285716,-2.5714285714285716,-0.5533917198875575,DID_FLE_9490_2.csv
9490,2,4,CCW,3.904761904761904,-3.904761904761904,-0.8403014536937294,DID_FLE_9490_2.csv
9618,1,1,CW,18.571428571428573,18.571428571428573,3.9903779985516903,DID_FLE_9618_1.csv
9618,1,2,CW,10.952380952380953,10.952380952380953,2.3557836890318917,DID_FLE_9618_1.csv
9618,1,3,CCW,-11.047619047619047,11.047619047619047,2.376245383666878,DID_FLE_9618_1.csv
9618,1,4,CCW,-2.8571428571428568,2.8571428571428568,0.6148752039573608,DID_FLE_9618_1.csv
9618,2,1,CW,18.952380952380953,18.952380952380953,4.071959317781832,DID_FLE_9618_2.csv
9618,2,2,CW,7.333333333333334,7.333333333333334,1.577841294037761,DID_FLE_9618_2.csv
9618,2,3,CCW,-9.428571428571427,9.428571428571427,2.0283183374440314,DID_FLE_9618_2.csv
9618,2,4,CCW,-7.047619047619046,7.047619047619046,1.5163962419068515,DID_FLE_9618_2.csv
9737,1,1,CW,18.285714285714285,18.285714285714285,3.9291813538200406,DID_FLE_9737_1.csv
9737,1,2,CW,15.714285714285714,15.714285714285714,3.3780239950148814,DID_FLE_9737_1.csv
9737,1,3,CCW,-10.19047619047619,10.19047619047619,2.1920689230258183,DID_FLE_9737_1.csv
9737,1,4,CCW,-1.8095238095238089,1.8095238095238089,0.38942991576208347,DID_FLE_9737_1.csv
9737,2,1,CW,11.80952380952381,11.80952380952381,2.539916672548988,DID_FLE_9737_2.csv
9737,2,2,CW,4.285714285714286,4.285714285714286,0.922268552379536,DID_FLE_9737_2.csv
9737,2,3,CCW,-7.142857142857143,7.142857142857143,1.5368783205789305,DID_FLE_9737_2.csv
9737,2,4,CCW,-1.7142857142857142,1.7142857142857142,0.36893418668643474,DID_FLE_9737_2.csv
9825,1,1,CW,20.095238095238095,20.095238095238095,4.3166027619400404,DID_FLE_9825_1.csv
9825,1,2,CW,-9.904761904761905,-9.904761904761905,-2.130666508019723,DID_FLE_9825_1.csv
9825,1,3,CCW,-14.761904761904763,14.761904761904763,3.173727240411702,DID_FLE_9825_1.csv
9825,1,4,CCW,7.0476190476190474,-7.0476190476190474,-1.5163962419068522,DID_FLE_9825_1.csv
9825,2,1,CW,37.04761904761905,37.04761904761905,7.92231067166328,DID_FLE_9825_2.csv
9825,2,2,CW,-16.476190476190474,-16.476190476190474,-3.541399754959454,DID_FLE_9825_2.csv
9825,2,3,CCW,-47.523809523809526,47.523809523809526,10.121209677863817,DID_FLE_9825_2.csv
9825,2,4,CCW,31.333333333333336,-31.333333333333336,-6.712510126981475,DID_FLE_9825_2.csv
9855,1,1,CW,11.428571428571429,11.428571428571429,2.4580860457894853,DID_FLE_9855_1.csv
9855,1,2,CW,8.857142857142858,8.857142857142858,1.9054834941811034,DID_FLE_9855_1.csv
9855,1,3,CCW,-10.19047619047619,10.19047619047619,2.1920689230258183,DID_FLE_9855_1.csv
9855,1,4,CCW,-13.80952380952381,13.80952380952381,2.9693496708632576,DID_FLE_9855_1.csv
9855,2,1,CW,5.428571428571429,5.428571428571429,1.1681458567090177,DID_FLE_9855_2.csv
9855,2,2,CW,4.666666666666666,4.666666666666666,1.0042318758783408,DID_FLE_9855_2.csv
9855,2,3,CCW,-10.666666666666668,10.666666666666668,2.294395018353309,DID_FLE_9855_2.csv
9855,2,4,CCW,-10.380952380952381,10.380952380952381,2.2330010766053556,DID_FLE_9855_2.csv
9894,1,1,CW,25.428571428571427,25.428571428571427,5.456047570519642,DID_FLE_9894_1.csv
9894,1,2,CW,-14.571428571428571,-14.571428571428571,-3.132858026878986,DID_FLE_9894_1.csv
9894,1,3,CCW,-17.238095238095237,17.238095238095237,3.7047178735672808,DID_FLE_9894_1.csv
9894,1,4,CCW,-18.857142857142858,18.857142857142858,4.0515655254408385,DID_FLE_9894_1.csv
9894,2,1,CW,22.761904761904763,22.761904761904763,4.886809502511241,DID_FLE_9894_2.csv
9894,2,2,CW,18.571428571428573,18.571428571428573,3.9903779985516903,DID_FLE_9894_2.csv
9894,2,3,CCW,-19.238095238095237,19.238095238095237,4.133134473688386,DID_FLE_9894_2.csv
9894,2,4,CCW,-17.142857142857142,17.142857142857142,3.6843063506753486,DID_FLE_9894_2.csv
9964,1,1,CW,18.476190476190474,18.476190476190474,3.9699801232746172,DID_FLE_9964_1.csv
9964,1,2,CW,14.19047619047619,14.19047619047619,3.051110066760861,DID_FLE_9964_1.csv
9964,1,3,CCW,-13.333333333333334,13.333333333333334,2.8671321912639574,DID_FLE_9964_1.csv
9964,1,4,CCW,-15.238095238095237,15.238095238095237,3.275886041357871,DID_FLE_9964_1.csv
9964,2,1,CW,13.142857142857142,13.142857142857142,2.8262400478345215,DID_FLE_9964_2.csv
9964,2,2,CW,10.476190476190476,10.476190476190476,2.253466300868781,DID_FLE_9964_2.csv
9964,2,3,CCW,-12.857142857142858,12.857142857142858,2.7648964423332396,DID_FLE_9964_2.csv
9964,2,4,CCW,-10.666666666666666,10.666666666666666,2.2943950183533084,DID_FLE_9964_2.csv
9977,1,1,CW,28.761904761904763,28.761904761904763,6.166066109481207,DID_FLE_9977_1.csv
9977,1,2,CW,21.80952380952381,21.80952380952381,4.683269709834513,DID_FLE_9977_1.csv
9977,1,3,CCW,-26.38095238095238,26.38095238095238,5.659091218721287,DID_FLE_9977_1.csv
9977,1,4,CCW,-23.523809523809526,23.523809523809526,5.049552610093113,DID_FLE_9977_1.csv
9977,2,1,CW,21.523809523809526,21.523809523809526,4.622184428102051,DID_FLE_9977_2.csv
9977,2,2,CW,27.142857142857142,27.142857142857142,5.821423773433275,DID_FLE_9977_2.csv
9977,2,3,CCW,-24.761904761904763,24.761904761904763,5.313834880973887,DID_FLE_9977_2.csv
9977,2,4,CCW,-22,22,4.723987312489962,DID_FLE_9977_2.csv
