CondFile,NumReps,FlashonOri,TargDir,Offset,StairNum,Prac,SelectCondFile.thisRepN,SelectCondFile.thisTrialN,SelectCondFile.thisN,SelectCondFile.thisIndex,trialLoop.thisRepN,trialLoop.thisTrialN,trialLoop.thisN,trialLoop.thisIndex,Fixboi.started,Fixboi.stopped,OritoTravelPreFlash,trialCount,OffsetFlash,OriginalFlashOri,CleanFlashori,FlashOri,FlashX,FlashY,oriTravelled,Stair1,Stair2,Stair3,Stair4,ST1Dir,ST2Dir,ST3Dir,ST4Dir,ST1Step,ST2Step,ST3Step,ST4Step,ReversalValue,ST1TC,ST2TC,ST3TC,ST4TC,ST1RevCount,ST2RevCount,ST3RevCount,ST4RevCount,CorrAns,CheckCond,PassCheck,Failed_Att,Flash.started,Flash.stopped,Targ.started,Targ.stopped,FixP.started,FixP.stopped,resp.keys,resp.corr,resp.rt,resp.started,resp.stopped,PracticeTrialText.started,PracticeTrialText.stopped,pracResp.keys,pracResp.rt,pracResp.started,pracResp.stopped,BreakText.started,BreakText.stopped,BREAKRESP.keys,BREAKRESP.started,BREAKRESP.stopped,BREAKRESP.rt,globalClockTime,ST1Reversals,ST2Reversals,ST3Reversals,ST4Reversals,ST1Thresh,ST2Thresh,ST3Thresh,ST4Thresh,nDropped_Frames,PercentDropped,participant,session,expName,psychopyVersion,frameRate,Unnamed: 102
Prac_FLE.xlsx,1.0,90.0,CCW,Ahead,3.0,Yes,0.0,0.0,0.0,0.0,0.0,0.0,0.0,1.0,44.13739105057357,,270.0,1.0,28.0,62.0,62.0,62.0,178.39919385863854,-335.5200852863922,270.0,28.0,-28.0,-28.0,28.0,Down,Up,Down,Up,0.0,0.0,0.0,0.0,-28.0,0.0,0.0,1.0,0.0,0.0,0.0,1.0,0.0,o,False,,False,46.12661799249145,46.1751539272409,44.63346998055931,46.37666990364596,,,i,0.0,2.5656168382156466,45.126408356756656,,47.72250941654056,,space,3.6095387956956984,47.72250941654056,,,,,,,,,,,,,,,,,,,5001,1.0,FLE_PY,2021.2.3,143.88708806198278,
Prac_FLE.xlsx,1.0,270.0,CW,Behind,2.0,Yes,0.0,0.0,0.0,0.0,0.0,1.0,1.0,6.0,51.34267023018947,,270.0,2.0,28.0,242.0,242.0,242.0,-178.39919385863848,335.52008528639226,270.0,28.0,-28.0,-32.0,28.0,Down,Up,Up,Up,0.0,0.0,0.0,0.0,,0.0,1.0,1.0,0.0,0.0,0.0,1.0,0.0,o,False,,False,53.336122313490705,53.38455471037378,51.84258347455943,53.58681166518909,,,i,0.0,2.0522891823966347,52.33571897092406,,54.40119188012795,,space,0.810840300806376,54.40119188012795,,,,,,,,,,,,,,,,,,,5001,1.0,FLE_PY,2021.2.3,143.88708806198278,
Prac_FLE.xlsx,1.0,90.0,CCW,Behind,4.0,Yes,0.0,0.0,0.0,0.0,0.0,2.0,2.0,3.0,55.21930173380315,,225.0,3.0,28.0,118.0,118.0,118.0,-178.3991938586384,-335.5200852863923,225.0,28.0,-24.0,-32.0,28.0,Down,Up,Up,Up,0.0,0.0,0.0,0.0,,0.0,1.0,1.0,1.0,0.0,0.0,1.0,0.0,o,False,,False,56.96839819525485,57.01699301005465,55.72509700985938,57.2186000087604,,,i,0.0,1.4566059718581528,56.21130770031414,,57.67840370779231,,space,0.5735696272240602,57.67840370779231,,,,,,,,,,,,,,,,,,,5001,1.0,FLE_PY,2021.2.3,143.88708806198278,
Prac_FLE.xlsx,1.0,270.0,CCW,Ahead,3.0,Yes,0.0,0.0,0.0,0.0,0.0,3.0,3.0,5.0,58.26294806438091,,315.0,4.0,32.0,238.0,238.0,238.0,-201.3693204086179,322.25827653944185,315.0,28.0,-24.0,-32.0,24.0,Down,Up,Up,Up,0.0,0.0,0.0,0.0,-32.0,0.0,1.0,2.0,1.0,0.0,0.0,2.0,0.0,o,False,,False,60.51047780449517,60.5591164237776,58.76737601482637,60.76051634675059,,,o,1.0,2.0558555498846545,59.26040256887609,,61.32561009118581,,space,0.4943770974223298,61.32561009118581,,,,,,,,,,,,,,,,,,,5001,1.0,FLE_PY,2021.2.3,143.88708806198278,
Prac_FLE.xlsx,1.0,270.0,CCW,Behind,4.0,Yes,0.0,0.0,0.0,0.0,0.0,4.0,4.0,7.0,61.830260477376214,,180.0,5.0,24.0,294.0,294.0,294.0,154.55992436880422,347.1472739041883,180.0,28.0,-24.0,-28.0,24.0,Down,Up,Down,Up,0.0,0.0,0.0,0.0,,0.0,1.0,2.0,2.0,0.0,0.0,2.0,0.0,o,False,,False,63.32348841826388,63.37222431763075,62.33049343757557,63.573512169396054,,,i,0.0,1.0447240914963911,62.823341360361155,,63.88039669793761,,space,0.3956693865275156,63.88039669793761,,,,,,,,,,,,,,,,,,,5001,1.0,FLE_PY,2021.2.3,143.88708806198278,
Prac_FLE.xlsx,1.0,90.0,CW,Ahead,1.0,Yes,0.0,0.0,0.0,0.0,0.0,5.0,5.0,0.0,64.28351256192946,,315.0,6.0,28.0,118.0,118.0,118.0,-178.3991938586384,-335.5200852863923,315.0,28.0,-24.0,-28.0,20.0,Down,Up,Down,Up,0.0,0.0,0.0,0.0,28.0,1.0,1.0,2.0,2.0,1.0,0.0,2.0,0.0,o,False,,False,66.53223440972761,66.5808687623412,64.78887462872808,66.78230224978506,,,i,0.0,3.177998943003331,65.28206018735727,,68.47536566786584,,space,1.2327605186237631,68.47536566786584,,,,,,,,,,,,,,,,,,,5001,1.0,FLE_PY,2021.2.3,143.88708806198278,
Prac_FLE.xlsx,1.0,90.0,CW,Behind,2.0,Yes,0.0,0.0,0.0,0.0,0.0,6.0,6.0,2.0,69.72063833938773,,315.0,7.0,24.0,66.0,66.0,66.0,154.55992436880408,-347.14727390418835,315.0,32.0,-24.0,-28.0,20.0,Up,Up,Down,Up,0.0,0.0,0.0,0.0,,1.0,2.0,2.0,2.0,1.0,0.0,2.0,0.0,o,False,,False,71.9637788135351,72.01223254377146,70.22042102364685,72.21379431577043,,,i,0.0,2.05066585656823,70.71331701758572,,72.77806117950058,,space,0.2821850585751235,72.77806117950058,,,,,,,,,,,,,,,,,,,5001,1.0,FLE_PY,2021.2.3,143.88708806198278,
Prac_FLE.xlsx,1.0,270.0,CW,Ahead,1.0,Yes,0.0,0.0,0.0,0.0,0.0,7.0,7.0,4.0,73.0708807715946,,180.0,8.0,32.0,302.0,302.0,302.0,201.36932040861777,322.2582765394419,180.0,32.0,-20.0,-28.0,20.0,Up,Up,Down,Up,0.0,0.0,0.0,0.0,32.0,2.0,2.0,2.0,2.0,2.0,0.0,2.0,0.0,o,False,,False,74.568362867225,74.61677649075864,73.57491960170773,74.81835134721405,,,o,1.0,1.8640453950974916,74.06796834244233,,75.94990132613748,,space,0.910307763462697,75.94990132613748,,,,,,,,,,,,,,,,,,,5001,1.0,FLE_PY,2021.2.3,143.88708806198278,
Prac_FLE.xlsx,1.0,,,,,,0.0,0.0,0.0,0.0,,,,,,,,,,,,,,,,,,,,,,,,,,,,,,,,,,,,,,,,,,,,,,,,,,,,,,,,,,,,,,,,,,,,,,,,,,,5001,1.0,FLE_PY,2021.2.3,143.88708806198278,
ParametersNew.xlsx,4.0,265.0,CCW,Behind,4.0,No,0.0,1.0,1.0,1.0,0.0,0.0,0.0,36.0,76.90314117956768,,315.0,9.0,28.0,293.0,293.0,293.0,148.47782882592392,349.7918443119274,315.0,28.0,-28.0,-28.0,28.0,Down,Up,Down,Up,0.0,0.0,0.0,0.0,,0.0,0.0,0.0,1.0,0.0,0.0,0.0,0.0,o,False,,False,79.11742303353276,79.16609635506757,77.37400209692532,79.36752443806472,,,i,0.0,2.0647697619369865,77.86723714893014,,,,,,,,,,,,,,,,,,,,,,,,,5001,1.0,FLE_PY,2021.2.3,143.88708806198278,
ParametersNew.xlsx,4.0,85.0,CCW,Ahead,3.0,No,0.0,1.0,1.0,1.0,0.0,1.0,1.0,23.0,79.94287042235919,,180.0,10.0,28.0,57.0,57.0,57.0,206.96283330571035,-318.6948158192611,180.0,28.0,-28.0,-28.0,24.0,Down,Up,Down,Up,0.0,0.0,0.0,0.0,,0.0,0.0,1.0,1.0,0.0,0.0,0.0,0.0,o,False,,False,81.43725007978537,81.48569641446011,80.44395785439883,81.68733470208099,,,o,1.0,3.5069139970109973,80.93703674627068,,,,,,,,,,,,,,,,,,,,,,,,,5001,1.0,FLE_PY,2021.2.3,143.88708806198278,
ParametersNew.xlsx,4.0,275.0,CW,Ahead,1.0,No,0.0,1.0,1.0,1.0,0.0,2.0,2.0,8.0,84.45191121229618,,180.0,11.0,28.0,303.0,303.0,303.0,206.96283330571012,318.69481581926124,180.0,28.0,-28.0,-24.0,24.0,Down,Up,Down,Up,0.0,0.0,0.0,0.0,,1.0,0.0,1.0,1.0,0.0,0.0,0.0,0.0,o,False,,False,85.94485783738855,85.99361450121614,84.95151185195573,86.19488244185413,,,o,1.0,1.295268945295902,85.4448248418048,,,,,,,,,,,,,,,,,,,,,,,,,5001,1.0,FLE_PY,2021.2.3,143.88708806198278,
ParametersNew.xlsx,4.0,90.0,CW,Behind,2.0,No,0.0,1.0,1.0,1.0,0.0,3.0,3.0,12.0,86.75361429641634,,180.0,12.0,28.0,62.0,62.0,62.0,178.39919385863854,-335.5200852863922,180.0,24.0,-28.0,-24.0,24.0,Down,Up,Down,Up,0.0,0.0,0.0,0.0,,1.0,1.0,1.0,1.0,0.0,0.0,0.0,0.0,o,False,,False,88.25067626724194,88.2994468688612,87.25736953517662,88.5006869339195,,,i,0.0,1.0136761005578592,87.75048512041394,,,,,,,,,,,,,,,,,,,,,,,,,5001,1.0,FLE_PY,2021.2.3,143.88708806198278,
ParametersNew.xlsx,4.0,255.0,CW,Ahead,1.0,No,0.0,1.0,1.0,1.0,0.0,4.0,4.0,5.0,88.77357463344924,,225.0,13.0,24.0,279.0,279.0,279.0,59.445096715287654,375.32156942615234,225.0,24.0,-24.0,-24.0,24.0,Down,Up,Down,Up,0.0,0.0,0.0,0.0,,2.0,1.0,1.0,1.0,0.0,0.0,0.0,0.0,o,False,,False,90.52189399201598,90.57048624681374,89.27859337550944,90.772032943245,,,o,1.0,2.7043211699110543,89.77164240069033,,,,,,,,,,,,,,,,,,,,,,,,,5001,1.0,FLE_PY,2021.2.3,143.88708806198278,
ParametersNew.xlsx,4.0,90.0,CW,Behind,2.0,No,0.0,1.0,1.0,1.0,0.0,5.0,5.0,12.0,92.48813581209652,,270.0,14.0,24.0,66.0,66.0,66.0,154.55992436880408,-347.14727390418835,270.0,20.0,-24.0,-24.0,24.0,Down,Up,Down,Up,0.0,0.0,0.0,0.0,,2.0,2.0,1.0,1.0,0.0,0.0,0.0,0.0,o,False,,False,94.48064524570508,94.52948582071622,92.9874759004233,94.7306849257384,,,i,0.0,1.5156862711628492,93.48050046335992,,,,,,,,,,,,,,,,,,,,,,,,,5001,1.0,FLE_PY,2021.2.3,143.88708806198278,
ParametersNew.xlsx,4.0,85.0,CW,Ahead,1.0,No,0.0,1.0,1.0,1.0,0.0,6.0,6.0,3.0,95.00600832512646,,270.0,15.0,20.0,105.0,105.0,105.0,-98.35123713895791,-367.051813989846,270.0,20.0,-20.0,-24.0,24.0,Down,Up,Down,Up,0.0,0.0,0.0,0.0,,3.0,2.0,1.0,1.0,0.0,0.0,0.0,0.0,o,False,,False,97.0021046062393,97.05055719869596,95.5086243629139,97.2519778861315,,,o,1.0,2.1702165363622044,96.00178773485824,,,,,,,,,,,,,,,,,,,,,,,,,5001,1.0,FLE_PY,2021.2.3,143.88708806198278,
ParametersNew.xlsx,4.0,85.0,CCW,Behind,4.0,No,0.0,1.0,1.0,1.0,0.0,7.0,7.0,33.0,98.18257565801832,,225.0,16.0,24.0,109.0,109.0,109.0,-123.71589869371944,-359.2970587277404,225.0,16.0,-20.0,-24.0,24.0,Down,Up,Down,Up,0.0,0.0,0.0,0.0,,3.0,2.0,1.0,2.0,0.0,0.0,0.0,0.0,o,False,,False,99.92599887018514,99.97451773825378,98.68263681362625,100.17600299463264,,,i,0.0,1.5883143864721203,99.17576662109786,,,,,,,,,,,,,,,,,,,,,,,,,5001,1.0,FLE_PY,2021.2.3,143.88708806198278,
ParametersNew.xlsx,4.0,85.0,CW,Behind,2.0,No,0.0,1.0,1.0,1.0,0.0,8.0,8.0,13.0,100.7743938341482,,315.0,17.0,20.0,65.0,65.0,65.0,160.5949394614658,-344.39695907392695,315.0,16.0,-20.0,-24.0,20.0,Down,Up,Down,Up,0.0,0.0,0.0,0.0,,3.0,3.0,1.0,2.0,0.0,0.0,0.0,0.0,o,False,,False,103.02363223349856,103.07214256822772,101.28028297695164,103.27391226929284,,,i,0.0,1.7665627874666825,101.77336727327202,,,,,,,,,,,,,,,,,,,,,,,,,5001,1.0,FLE_PY,2021.2.3,143.88708806198278,
ParametersNew.xlsx,4.0,90.0,CW,Behind,100.0,No,0.0,1.0,1.0,1.0,0.0,9.0,9.0,41.0,103.55136815049993,,180.0,18.0,28.0,62.0,62.0,62.0,178.39919385863854,-335.5200852863922,180.0,16.0,-16.0,-24.0,20.0,Down,Up,Down,Up,0.0,0.0,0.0,0.0,,3.0,3.0,1.0,2.0,0.0,0.0,0.0,0.0,i,True,True,False,105.04481682046573,105.09354134204295,104.05149387505116,105.2948604827252,,,i,1.0,0.915451376740748,104.54459324694108,,,,,,,,,,,,,,,,,,,,,,,,,5001,1.0,FLE_PY,2021.2.3,143.88708806198278,
ParametersNew.xlsx,4.0,75.0,CW,Ahead,1.0,No,0.0,1.0,1.0,1.0,0.0,10.0,10.0,4.0,105.47209682952234,,180.0,19.0,16.0,91.0,91.0,91.0,-6.6319144461677215,-379.94212415942866,180.0,16.0,-16.0,-24.0,20.0,Down,Up,Down,Up,0.0,0.0,0.0,0.0,16.0,4.0,3.0,1.0,2.0,1.0,0.0,0.0,0.0,o,False,,False,106.9686405421271,107.01726749917908,105.97551670799476,107.21864039990578,,,i,0.0,1.8794457993499236,106.4685307464788,,,,,,,,,,,,,,,,,,,,,,,,,5001,1.0,FLE_PY,2021.2.3,143.88708806198278,
ParametersNew.xlsx,4.0,105.0,CCW,Behind,4.0,No,0.0,1.0,1.0,1.0,0.0,11.0,11.0,30.0,108.37097987212474,,180.0,20.0,20.0,125.0,125.0,125.0,-217.9590458133974,-311.27777682981696,180.0,20.0,-16.0,-24.0,20.0,Up,Up,Down,Up,0.0,0.0,0.0,0.0,,4.0,3.0,1.0,3.0,1.0,0.0,0.0,0.0,o,False,,False,109.8928567974599,109.94162000351572,108.87190261069009,110.14268172175434,,,i,0.0,1.543262330251309,109.36492205362084,,,,,,,,,,,,,,,,,,,,,,,,,5001,1.0,FLE_PY,2021.2.3,143.88708806198278,
ParametersNew.xlsx,4.0,270.0,CCW,Behind,4.0,No,0.0,1.0,1.0,1.0,0.0,12.0,12.0,37.0,110.92480221138612,,270.0,21.0,16.0,286.0,286.0,286.0,104.74219521045976,365.2794444565611,270.0,20.0,-16.0,-24.0,16.0,Up,Up,Down,Up,0.0,0.0,0.0,0.0,,4.0,3.0,1.0,4.0,1.0,0.0,0.0,0.0,o,False,,False,112.92098951479966,112.96947282728252,111.42778120059484,113.17086251024556,,,i,0.0,1.9153816877915233,111.92062827004702,,,,,,,,,,,,,,,,,,,,,,,,,5001,1.0,FLE_PY,2021.2.3,143.88708806198278,
ParametersNew.xlsx,4.0,255.0,CW,Behind,2.0,No,0.0,1.0,1.0,1.0,0.0,13.0,13.0,15.0,113.84675997590055,,315.0,22.0,16.0,239.0,239.0,239.0,-195.71446846582063,325.7235742668026,315.0,20.0,-16.0,-24.0,12.0,Up,Up,Down,Up,0.0,0.0,0.0,0.0,,4.0,4.0,1.0,4.0,1.0,0.0,0.0,0.0,o,False,,False,116.09489188541738,116.14378593603033,114.35155400665826,116.34495887214143,,,i,0.0,2.0794141122096335,114.84473728972988,,,,,,,,,,,,,,,,,,,,,,,,,5001,1.0,FLE_PY,2021.2.3,143.88708806198278,
ParametersNew.xlsx,4.0,105.0,CW,Ahead,1.0,No,0.0,1.0,1.0,1.0,0.0,14.0,14.0,0.0,116.93929865042264,,315.0,23.0,20.0,125.0,125.0,125.0,-217.9590458133974,-311.27777682981696,315.0,20.0,-12.0,-24.0,12.0,Up,Up,Down,Up,0.0,0.0,0.0,0.0,,5.0,4.0,1.0,4.0,1.0,0.0,0.0,0.0,o,False,,False,119.18574209627695,119.23417705316388,117.44253221762663,119.43559802504204,,,i,0.0,4.725114645430949,117.93538582930525,,,,,,,,,,,,,,,,,,,,,,,,,5001,1.0,FLE_PY,2021.2.3,143.88708806198278,
ParametersNew.xlsx,4.0,90.0,CCW,Ahead,3.0,No,0.0,1.0,1.0,1.0,0.0,15.0,15.0,22.0,122.6831328851622,,180.0,24.0,24.0,66.0,66.0,66.0,154.55992436880408,-347.14727390418835,180.0,24.0,-12.0,-24.0,12.0,Up,Up,Down,Up,0.0,0.0,0.0,0.0,,5.0,4.0,2.0,4.0,1.0,0.0,0.0,0.0,o,False,,False,124.17967602887802,124.22798071009856,123.18619350999506,124.42944861535034,,,o,1.0,1.3247433882261248,123.67931449968091,,,,,,,,,,,,,,,,,,,,,,,,,5001,1.0,FLE_PY,2021.2.3,143.88708806198278,
ParametersNew.xlsx,4.0,285.0,CW,Ahead,1.0,No,0.0,1.0,1.0,1.0,0.0,16.0,16.0,9.0,125.02070899544924,,315.0,25.0,24.0,309.0,309.0,309.0,239.14174859893825,295.3154653536489,315.0,24.0,-12.0,-20.0,12.0,Up,Up,Down,Up,0.0,0.0,0.0,0.0,24.0,6.0,4.0,2.0,4.0,2.0,0.0,0.0,0.0,o,False,,False,127.2634580737049,127.31174995491529,125.51992563478052,127.51344541591608,,,o,1.0,1.9832191856803547,126.01294450882232,,,,,,,,,,,,,,,,,,,,,,,,,5001,1.0,FLE_PY,2021.2.3,143.88708806198278,
ParametersNew.xlsx,4.0,275.0,CCW,Ahead,3.0,No,0.0,1.0,1.0,1.0,0.0,17.0,17.0,28.0,128.00856662064325,,180.0,26.0,20.0,255.0,255.0,255.0,-98.35123713895784,367.051813989846,180.0,20.0,-12.0,-20.0,12.0,Down,Up,Down,Up,0.0,0.0,0.0,0.0,,6.0,4.0,3.0,4.0,2.0,0.0,0.0,0.0,o,False,,False,129.5067100501692,129.55520957599947,128.5134155492251,129.7565719522736,,,o,1.0,1.1896207840309216,129.00644380994163,,,,,,,,,,,,,,,,,,,,,,,,,5001,1.0,FLE_PY,2021.2.3,143.88708806198278,
ParametersNew.xlsx,4.0,285.0,CW,Behind,2.0,No,0.0,1.0,1.0,1.0,0.0,18.0,18.0,19.0,130.20831306664877,,180.0,27.0,12.0,273.0,273.0,273.0,19.8876633723187,379.4792232067381,180.0,20.0,-12.0,-16.0,12.0,Down,Up,Down,Up,0.0,0.0,0.0,0.0,,6.0,5.0,3.0,4.0,2.0,0.0,0.0,0.0,o,False,,False,131.7013643673854,131.75007466673014,130.70831619553974,131.95143732744873,,,i,0.0,1.042614934143785,131.20136322960752,,,,,,,,,,,,,,,,,,,,,,,,,5001,1.0,FLE_PY,2021.2.3,143.88708806198278,
ParametersNew.xlsx,4.0,90.0,CCW,Behind,4.0,No,0.0,1.0,1.0,1.0,0.0,19.0,19.0,32.0,132.2514727123671,,180.0,28.0,12.0,102.0,102.0,102.0,-79.00644251074847,-371.69608827884616,180.0,20.0,-8.0,-16.0,12.0,Down,Up,Down,Up,0.0,0.0,0.0,0.0,12.0,6.0,5.0,3.0,5.0,2.0,0.0,0.0,1.0,o,False,,False,133.75038243588097,133.79905006852096,132.75700800597951,134.00043576925964,,,o,1.0,1.1777597250220424,133.25032213360646,,,,,,,,,,,,,,,,,,,,,,,,,5001,1.0,FLE_PY,2021.2.3,143.88708806198278,
ParametersNew.xlsx,4.0,285.0,CW,Ahead,1.0,No,0.0,1.0,1.0,1.0,0.0,20.0,20.0,9.0,134.44829563587882,,315.0,29.0,20.0,305.0,305.0,305.0,217.9590458133975,311.2777768298169,315.0,20.0,-8.0,-16.0,16.0,Down,Up,Down,Down,0.0,0.0,0.0,0.0,,7.0,5.0,3.0,5.0,2.0,0.0,0.0,1.0,o,False,,False,136.69525079772393,136.7438276925095,134.95175106993702,136.94528336664007,,,o,1.0,2.1831260584913252,135.4449167174389,,,,,,,,,,,,,,,,,,,,,,,,,5001,1.0,FLE_PY,2021.2.3,143.88708806198278,
ParametersNew.xlsx,4.0,270.0,CW,Behind,2.0,No,0.0,1.0,1.0,1.0,0.0,21.0,21.0,17.0,137.6493712919073,,315.0,30.0,8.0,262.0,262.0,262.0,-52.885778364824674,376.3018661217968,315.0,16.0,-8.0,-16.0,16.0,Down,Up,Down,Down,0.0,0.0,0.0,0.0,,7.0,6.0,3.0,5.0,2.0,0.0,0.0,1.0,o,False,,False,139.89690814313872,139.9457663537196,138.15357367771503,140.1469287653781,,,i,0.0,1.8533920882273376,138.64672197409163,,,,,,,,,,,,,,,,,,,,,,,,,5001,1.0,FLE_PY,2021.2.3,143.88708806198278,
ParametersNew.xlsx,4.0,285.0,CCW,Behind,4.0,No,0.0,1.0,1.0,1.0,0.0,22.0,22.0,39.0,140.51016605311816,,180.0,31.0,16.0,301.0,301.0,301.0,195.71446846582057,325.7235742668027,180.0,16.0,-4.0,-16.0,16.0,Down,Up,Down,Down,0.0,0.0,0.0,0.0,16.0,7.0,6.0,3.0,6.0,2.0,0.0,0.0,2.0,o,False,,False,142.00857771398478,142.0570280308857,141.01532673307702,142.25864526959776,,,i,0.0,1.2158716153207934,141.50832910932877,,,,,,,,,,,,,,,,,,,,,,,,,5001,1.0,FLE_PY,2021.2.3,143.88708806198278,
ParametersNew.xlsx,4.0,95.0,CCW,Behind,4.0,No,0.0,1.0,1.0,1.0,0.0,23.0,23.0,31.0,142.7339893196695,,315.0,32.0,12.0,107.0,107.0,107.0,-111.10124779463992,-363.3958072659535,315.0,16.0,-4.0,-16.0,12.0,Down,Up,Down,Up,0.0,0.0,0.0,0.0,,7.0,6.0,3.0,7.0,2.0,0.0,0.0,2.0,o,False,,False,144.98110661498868,145.02983284323454,143.23775166954692,145.23109225053122,,,i,0.0,1.9051183545889216,143.73093324595175,,,,,,,,,,,,,,,,,,,,,,,,,5001,1.0,FLE_PY,2021.2.3,143.88708806198278,
ParametersNew.xlsx,4.0,75.0,CCW,Behind,4.0,No,0.0,1.0,1.0,1.0,0.0,24.0,24.0,34.0,145.64830917544532,,180.0,33.0,8.0,83.0,83.0,83.0,46.31035049395605,-377.16753762370234,180.0,16.0,-4.0,-16.0,8.0,Down,Up,Down,Up,0.0,0.0,0.0,0.0,,7.0,6.0,3.0,8.0,2.0,0.0,0.0,2.0,o,False,,False,147.14108996928553,147.18976613526684,146.14809811748637,147.39102895589895,,,i,0.0,1.1631111080769188,146.64096623584555,,,,,,,,,,,,,,,,,,,,,,,,,5001,1.0,FLE_PY,2021.2.3,143.88708806198278,
ParametersNew.xlsx,4.0,265.0,CW,Behind,2.0,No,0.0,1.0,1.0,1.0,0.0,25.0,25.0,16.0,147.81558569152185,,270.0,34.0,4.0,261.0,261.0,261.0,-59.4450967152878,375.32156942615234,270.0,16.0,-4.0,-16.0,4.0,Down,Up,Down,Up,0.0,0.0,0.0,0.0,,7.0,7.0,3.0,8.0,2.0,0.0,0.0,2.0,o,False,,False,149.80830504530786,149.85668993993022,148.31478298861475,150.05811716959215,,,i,0.0,1.7801899635414884,148.80799642282182,,,,,,,,,,,,,,,,,,,,,,,,,5001,1.0,FLE_PY,2021.2.3,143.88708806198278,
ParametersNew.xlsx,4.0,95.0,CCW,Ahead,3.0,No,0.0,1.0,1.0,1.0,0.0,26.0,26.0,21.0,150.6018516780241,,180.0,35.0,16.0,79.0,79.0,79.0,72.50741824308707,-373.0183297101123,180.0,16.0,0.0,-16.0,4.0,Down,Up,Down,Up,0.0,0.0,0.0,0.0,-16.0,7.0,7.0,4.0,8.0,2.0,0.0,1.0,2.0,o,False,,False,152.10024513443022,152.14895287377294,151.10682462448858,152.35028396113012,,,i,0.0,2.052102586683759,151.6000329386934,,,,,,,,,,,,,,,,,,,,,,,,,5001,1.0,FLE_PY,2021.2.3,143.88708806198278,
ParametersNew.xlsx,4.0,275.0,CCW,Behind,4.0,No,0.0,1.0,1.0,1.0,0.0,27.0,27.0,38.0,153.6733505479242,,225.0,36.0,4.0,279.0,279.0,279.0,59.445096715287654,375.32156942615234,225.0,16.0,0.0,-20.0,4.0,Down,Up,Up,Up,0.0,0.0,0.0,0.0,,7.0,7.0,4.0,9.0,2.0,0.0,1.0,2.0,o,False,,False,155.41993820723474,155.46884306674474,154.176724915249,155.6700290873123,,,i,0.0,1.7103081616842246,154.66990876720956,,,,,,,,,,,,,,,,,,,,,,,,,5001,1.0,FLE_PY,2021.2.3,143.88708806198278,
ParametersNew.xlsx,4.0,275.0,CW,Behind,2.0,No,0.0,1.0,1.0,1.0,0.0,28.0,28.0,18.0,156.39829367321,,315.0,37.0,0.0,275.0,275.0,275.0,33.11918224411,378.5539852748633,315.0,16.0,0.0,-20.0,0.0,Down,Up,Up,Up,0.0,0.0,0.0,0.0,,7.0,8.0,4.0,9.0,2.0,0.0,1.0,2.0,o,False,,False,158.64274685958662,158.69142473223656,156.89958476764514,158.89275866404205,,,i,0.0,2.099882467455245,157.39244349932778,,,,,,,,,,,,,,,,,,,,,,,,,5001,1.0,FLE_PY,2021.2.3,143.88708806198278,
ParametersNew.xlsx,4.0,285.0,CCW,Behind,4.0,No,0.0,1.0,1.0,1.0,0.0,29.0,29.0,39.0,159.5048933019516,,270.0,38.0,0.0,285.0,285.0,285.0,98.35123713895804,367.0518139898459,270.0,16.0,4.0,-20.0,0.0,Down,Up,Up,Up,0.0,0.0,0.0,0.0,,7.0,8.0,4.0,10.0,2.0,0.0,1.0,2.0,o,False,,False,161.4973174021543,161.54600267036585,160.00424050139554,161.74731469992912,,,i,0.0,1.6268190948867414,160.49724060208973,,,,,,,,,,,,,,,,,,,,,,,,,5001,1.0,FLE_PY,2021.2.3,143.88708806198278,
ParametersNew.xlsx,4.0,90.0,CW,Behind,100.0,No,0.0,1.0,1.0,1.0,0.0,30.0,30.0,41.0,162.13640004528315,,180.0,39.0,28.0,62.0,62.0,62.0,178.39919385863854,-335.5200852863922,180.0,16.0,4.0,-20.0,-4.0,Down,Up,Up,Up,0.0,0.0,0.0,0.0,,7.0,8.0,4.0,10.0,2.0,0.0,1.0,2.0,i,True,True,False,163.62973607515232,163.67819378761305,162.63629081852196,163.87976949740187,,,i,1.0,1.1866830393028067,163.12940953265024,,,,,,,,,,,,,,,,,,,,,,,,,5001,1.0,FLE_PY,2021.2.3,143.88708806198278,
ParametersNew.xlsx,4.0,90.0,CCW,Behind,4.0,No,0.0,1.0,1.0,1.0,0.0,31.0,31.0,32.0,164.32749539057295,,180.0,40.0,4.0,86.0,86.0,86.0,26.50746002276767,-379.0743390987332,180.0,16.0,4.0,-20.0,-4.0,Down,Up,Up,Up,0.0,0.0,0.0,0.0,,7.0,8.0,4.0,11.0,2.0,0.0,1.0,2.0,o,False,,False,165.82422370778113,165.8728503803868,164.83113542923456,166.07453560138129,,,i,0.0,1.6161663569073426,165.32413922770866,,,,,,,,,,,,,,,,,,,,,,,,,5001,1.0,FLE_PY,2021.2.3,143.88708806198278,
ParametersNew.xlsx,4.0,75.0,CCW,Behind,4.0,No,0.0,1.0,1.0,1.0,0.0,32.0,32.0,34.0,166.9539316229093,,315.0,41.0,8.0,67.0,67.0,67.0,148.4778288259241,-349.7918443119273,315.0,16.0,4.0,-20.0,-8.0,Down,Up,Up,Up,0.0,0.0,0.0,0.0,,7.0,8.0,4.0,12.0,2.0,0.0,1.0,2.0,o,False,,False,169.199989646213,169.24848262981504,167.4565826473936,169.4500560640463,,,i,0.0,3.814550312859865,167.949526143595,,,,,,,,,,,,,,,,,,,,,,,,,5001,1.0,FLE_PY,2021.2.3,143.88708806198278,
ParametersNew.xlsx,4.0,265.0,CW,Ahead,1.0,No,0.0,1.0,1.0,1.0,0.0,33.0,33.0,6.0,171.77894039802777,,315.0,42.0,16.0,281.0,281.0,281.0,72.50741824308682,373.0183297101124,315.0,16.0,4.0,-20.0,-12.0,Down,Up,Up,Up,0.0,0.0,0.0,0.0,16.0,8.0,8.0,4.0,12.0,3.0,0.0,1.0,2.0,o,False,,False,174.0269909563649,174.07571035793808,172.28362207313512,174.2770221030587,,,i,0.0,3.6111811793180095,172.776814458437,,,,,,,,,,,,,,,,,,,,,,,,,5001,1.0,FLE_PY,2021.2.3,143.88708806198278,
ParametersNew.xlsx,4.0,90.0,CCW,Ahead,90.0,No,0.0,1.0,1.0,1.0,0.0,34.0,34.0,43.0,176.40934093597025,,270.0,43.0,28.0,62.0,62.0,62.0,178.39919385863854,-335.5200852863922,270.0,18.0,4.0,-20.0,-12.0,Up,Up,Up,Up,1.0,0.0,0.0,0.0,,8.0,8.0,4.0,12.0,3.0,0.0,1.0,2.0,o,True,True,False,178.40255806795903,178.45126381618866,176.9092578781219,178.65256731241243,,,o,1.0,2.1300034531595884,177.40226907215765,,,,,,,,,,,,,,,,,,,,,,,,,5001,1.0,FLE_PY,2021.2.3,143.88708806198278,
ParametersNew.xlsx,4.0,255.0,CCW,Behind,4.0,No,0.0,1.0,1.0,1.0,0.0,35.0,35.0,35.0,179.55115367920553,,225.0,44.0,12.0,243.0,243.0,243.0,-172.51638990102782,338.58247919157975,225.0,18.0,4.0,-20.0,-12.0,Up,Up,Up,Up,1.0,0.0,0.0,0.0,,8.0,8.0,4.0,13.0,3.0,0.0,1.0,2.0,o,False,,False,181.29877501050944,181.3472961541356,180.055425469518,181.54881355276484,,,i,0.0,1.8636375014139048,180.5485899792402,,,,,,,,,,,,,,,,,,,,,,,,,5001,1.0,FLE_PY,2021.2.3,143.88708806198278,
ParametersNew.xlsx,4.0,265.0,CCW,Behind,4.0,No,0.0,1.0,1.0,1.0,0.0,36.0,36.0,36.0,182.42544135859865,,270.0,45.0,16.0,249.0,249.0,249.0,-136.17982082721426,354.7605620689366,270.0,18.0,4.0,-20.0,-16.0,Up,Up,Up,Up,1.0,0.0,0.0,0.0,,8.0,8.0,4.0,14.0,3.0,0.0,1.0,2.0,o,False,,False,184.42419321531088,184.47283723904184,182.9308819321286,184.6742272064512,,,i,0.0,2.714830547765814,183.4172035560132,,,,,,,,,,,,,,,,,,,,,,,,,5001,1.0,FLE_PY,2021.2.3,143.88708806198278,
ParametersNew.xlsx,4.0,255.0,CW,Ahead,1.0,No,0.0,1.0,1.0,1.0,0.0,37.0,37.0,5.0,186.14038852868543,,270.0,46.0,18.0,273.0,273.0,273.0,19.8876633723187,379.4792232067381,270.0,18.0,4.0,-20.0,-20.0,Up,Up,Up,Up,1.0,0.0,0.0,0.0,18.0,9.0,8.0,4.0,14.0,4.0,0.0,1.0,2.0,o,False,,False,188.13308683356627,188.18167937281032,186.6399851861206,188.38314699361763,,,o,1.0,1.8150765355330805,187.1330071890534,,,,,,,,,,,,,,,,,,,,,,,,,5001,1.0,FLE_PY,2021.2.3,143.88708806198278,
ParametersNew.xlsx,4.0,75.0,CW,Ahead,1.0,No,0.0,1.0,1.0,1.0,0.0,38.0,38.0,4.0,188.96027786832565,,315.0,47.0,16.0,91.0,91.0,91.0,-6.6319144461677215,-379.94212415942866,315.0,16.0,4.0,-20.0,-20.0,Down,Up,Up,Up,1.0,0.0,0.0,0.0,16.0,10.0,8.0,4.0,14.0,5.0,0.0,1.0,2.0,o,False,,False,191.20303064436305,191.2517884459703,189.4598304368319,191.4530111599015,,,i,0.0,2.1792362773921923,189.9528689375584,,,,,,,,,,,,,,,,,,,,,,,,,5001,1.0,FLE_PY,2021.2.3,143.88708806198278,
ParametersNew.xlsx,4.0,90.0,CW,Ahead,1.0,No,0.0,1.0,1.0,1.0,0.0,39.0,39.0,2.0,192.15470918090617,,225.0,48.0,18.0,108.0,108.0,108.0,-117.42645786248,-361.4014761921584,225.0,18.0,4.0,-20.0,-20.0,Up,Up,Up,Up,1.0,0.0,0.0,0.0,,11.0,8.0,4.0,14.0,5.0,0.0,1.0,2.0,o,False,,False,193.8979568906998,193.94662423889713,192.65476948318064,194.14790583287868,,,i,0.0,1.7122332833278051,193.14779433056177,,,,,,,,,,,,,,,,,,,,,,,,,5001,1.0,FLE_PY,2021.2.3,143.88708806198278,
ParametersNew.xlsx,4.0,105.0,CCW,Behind,4.0,No,0.0,1.0,1.0,1.0,0.0,40.0,40.0,30.0,194.87134253909971,,270.0,49.0,20.0,85.0,85.0,85.0,33.11918224411009,-378.5539852748633,270.0,20.0,4.0,-20.0,-20.0,Up,Up,Up,Up,1.0,0.0,0.0,0.0,-20.0,11.0,8.0,4.0,15.0,5.0,0.0,1.0,3.0,o,False,,False,196.86352002575768,196.91221354286608,195.37024941816708,197.11358416803523,,,o,1.0,1.9407032382896432,195.86347451460824,,,,,,,,,,,,,,,,,,,,,,,,,5001,1.0,FLE_PY,2021.2.3,143.88708806198278,
ParametersNew.xlsx,4.0,90.0,CCW,Behind,4.0,No,0.0,1.0,1.0,1.0,0.0,41.0,41.0,32.0,197.82904077855892,,270.0,50.0,18.0,72.0,72.0,72.0,117.42645786248004,-361.4014761921583,270.0,20.0,4.0,-20.0,-18.0,Up,Up,Up,Down,1.0,0.0,0.0,1.0,,11.0,8.0,4.0,16.0,5.0,0.0,1.0,3.0,o,False,,False,199.8223807906525,199.8710910899972,198.32891676067447,200.07244180403904,,,o,1.0,1.7179807726770375,198.8220514037057,,,,,,,,,,,,,,,,,,,,,,,,,5001,1.0,FLE_PY,2021.2.3,143.88708806198278,
ParametersNew.xlsx,4.0,95.0,CW,Ahead,1.0,No,0.0,1.0,1.0,1.0,0.0,42.0,42.0,1.0,200.5522695557138,,270.0,51.0,20.0,115.0,115.0,115.0,-160.59493946146574,-344.396959073927,270.0,20.0,4.0,-20.0,-16.0,Up,Up,Up,Down,1.0,0.0,0.0,1.0,20.0,12.0,8.0,4.0,16.0,6.0,0.0,1.0,3.0,o,False,,False,202.54507082957025,202.59356125317208,201.0515749417882,202.79492505166857,,,o,1.0,1.7076053682685597,201.54463164697336,,,,,,,,,,,,,,,,,,,,,,,,,5001,1.0,FLE_PY,2021.2.3,143.88708806198278,
ParametersNew.xlsx,4.0,265.0,CCW,Ahead,3.0,No,0.0,1.0,1.0,1.0,0.0,43.0,43.0,26.0,203.26672008537753,,180.0,52.0,20.0,245.0,245.0,245.0,-160.59493946146597,344.3969590739269,180.0,18.0,4.0,-20.0,-16.0,Down,Up,Up,Down,1.0,0.0,0.0,1.0,-20.0,12.0,8.0,5.0,16.0,6.0,0.0,2.0,3.0,o,False,,False,204.76036644440137,204.80915382825515,203.76723237025908,205.0107312447126,,,o,1.0,1.3038224814845307,204.26029931545415,,,,,,,,,,,,,,,,,,,,,,,,,5001,1.0,FLE_PY,2021.2.3,143.88708806198278,
ParametersNew.xlsx,4.0,270.0,CCW,Behind,4.0,No,0.0,1.0,1.0,1.0,1.0,0.0,44.0,37.0,205.57588472253155,,270.0,53.0,16.0,254.0,254.0,254.0,-104.74219521045956,365.2794444565613,270.0,18.0,4.0,-16.0,-16.0,Down,Up,Down,Down,1.0,0.0,0.0,1.0,,12.0,8.0,5.0,17.0,6.0,0.0,2.0,3.0,o,False,,False,207.57338900484683,207.6221066997532,206.08015509061988,207.82342441820947,,,o,1.0,1.630764342697148,206.5733403648046,,,,,,,,,,,,,,,,,,,,,,,,,5001,1.0,FLE_PY,2021.2.3,143.88708806198278,
ParametersNew.xlsx,4.0,265.0,CCW,Behind,4.0,No,0.0,1.0,1.0,1.0,1.0,1.0,45.0,36.0,208.2195019828632,,225.0,54.0,14.0,251.0,251.0,251.0,-123.71589869371952,359.2970587277404,225.0,18.0,4.0,-16.0,-14.0,Down,Up,Down,Down,1.0,0.0,0.0,1.0,-14.0,12.0,8.0,5.0,18.0,6.0,0.0,2.0,4.0,o,False,,False,209.9626856926025,210.01143012530883,208.71930287158284,210.2127193992983,,,i,0.0,2.2235280129661987,209.2126016391976,,,,,,,,,,,,,,,,,,,,,,,,,5001,1.0,FLE_PY,2021.2.3,143.88708806198278,
ParametersNew.xlsx,4.0,75.0,CCW,Ahead,3.0,No,0.0,1.0,1.0,1.0,1.0,2.0,46.0,24.0,211.4474462840426,,225.0,55.0,16.0,59.0,59.0,59.0,195.71446846582063,-325.72357426680264,225.0,18.0,4.0,-16.0,-16.0,Down,Up,Down,Up,1.0,0.0,0.0,1.0,-16.0,12.0,8.0,6.0,18.0,6.0,0.0,3.0,4.0,o,False,,False,213.19236027081388,213.24106744126584,211.94891913863285,213.44242469753408,,,i,0.0,2.737881091881718,212.44210811059747,,,,,,,,,,,,,,,,,,,,,,,,,5001,1.0,FLE_PY,2021.2.3,143.88708806198278,
ParametersNew.xlsx,4.0,270.0,CCW,Behind,100.0,No,0.0,1.0,1.0,1.0,1.0,3.0,47.0,42.0,215.19207440390343,,270.0,56.0,28.0,298.0,298.0,298.0,178.39919385863837,335.5200852863923,270.0,18.0,4.0,-18.0,-16.0,Down,Up,Up,Up,1.0,0.0,1.0,1.0,,12.0,8.0,6.0,18.0,6.0,0.0,3.0,4.0,i,True,True,False,217.18606949211244,217.23440517780185,215.6924987953753,217.43583126968588,,,i,1.0,1.6504516128297837,216.1856251895097,,,,,,,,,,,,,,,,,,,,,,,,,5001,1.0,FLE_PY,2021.2.3,143.88708806198278,
ParametersNew.xlsx,4.0,85.0,CW,Ahead,1.0,No,0.0,1.0,1.0,1.0,1.0,4.0,48.0,3.0,217.85592620594431,,315.0,57.0,18.0,103.0,103.0,103.0,-85.48140065066863,-370.2606246183894,315.0,18.0,4.0,-18.0,-16.0,Down,Up,Up,Up,1.0,0.0,1.0,1.0,,13.0,8.0,6.0,18.0,6.0,0.0,3.0,4.0,o,False,,False,220.10301249679287,220.15158768490983,218.3597440225367,220.3532060614016,,,o,1.0,2.2473266466076893,218.85295290563045,,,,,,,,,,,,,,,,,,,,,,,,,5001,1.0,FLE_PY,2021.2.3,143.88708806198278,
ParametersNew.xlsx,4.0,105.0,CCW,Ahead,3.0,No,0.0,1.0,1.0,1.0,1.0,5.0,49.0,20.0,221.11439597317255,,270.0,58.0,18.0,87.0,87.0,87.0,19.887663372318706,-379.4792232067381,270.0,16.0,4.0,-18.0,-16.0,Down,Up,Up,Up,1.0,0.0,1.0,1.0,-18.0,13.0,8.0,7.0,18.0,6.0,0.0,4.0,4.0,o,False,,False,223.1102590096416,223.15883448220484,221.61696223313993,223.36033851193315,,,o,1.0,2.061954043978403,222.1102024051488,,,,,,,,,,,,,,,,,,,,,,,,,5001,1.0,FLE_PY,2021.2.3,143.88708806198278,
ParametersNew.xlsx,4.0,90.0,CW,Ahead,1.0,No,0.0,1.0,1.0,1.0,1.0,6.0,50.0,2.0,224.18358088554305,,225.0,59.0,16.0,106.0,106.0,106.0,-104.74219521045964,-365.2794444565612,225.0,16.0,4.0,-16.0,-16.0,Down,Up,Down,Up,1.0,0.0,1.0,1.0,,14.0,8.0,7.0,18.0,6.0,0.0,4.0,4.0,o,False,,False,225.9303540027904,225.9788139908087,224.68691884394684,226.18025658048464,,,o,1.0,1.760251244302708,225.1799709980187,,,,,,,,,,,,,,,,,,,,,,,,,5001,1.0,FLE_PY,2021.2.3,143.88708806198278,
ParametersNew.xlsx,4.0,105.0,CW,Ahead,1.0,No,0.0,1.0,1.0,1.0,1.0,7.0,51.0,0.0,226.95187736337903,,225.0,60.0,14.0,119.0,119.0,119.0,-184.22765569360809,-332.35548871297044,225.0,14.0,4.0,-16.0,-16.0,Down,Up,Down,Up,1.0,0.0,1.0,1.0,,15.0,8.0,7.0,18.0,6.0,0.0,4.0,4.0,o,False,,False,228.6944406992552,228.74310036744464,227.45142594966092,228.9445187793226,,,o,1.0,1.6037142218374356,227.9444681481673,,,,,,,,,,,,,,,,,,,,,,,,,5001,1.0,FLE_PY,2021.2.3,143.88708806198278,
ParametersNew.xlsx,4.0,270.0,CW,Ahead,1.0,No,0.0,1.0,1.0,1.0,1.0,8.0,52.0,7.0,229.55770387146185,,270.0,61.0,12.0,282.0,282.0,282.0,79.00644251074826,371.6960882788462,270.0,12.0,4.0,-16.0,-16.0,Down,Up,Down,Up,1.0,0.0,1.0,1.0,,16.0,8.0,7.0,18.0,6.0,0.0,4.0,4.0,o,False,,False,231.55591670549256,231.6045772270154,230.06290807145888,231.80595297219045,,,o,1.0,1.736441517317871,230.555761398693,,,,,,,,,,,,,,,,,,,,,,,,,5001,1.0,FLE_PY,2021.2.3,143.88708806198278,
ParametersNew.xlsx,4.0,105.0,CCW,Ahead,3.0,No,0.0,1.0,1.0,1.0,1.0,9.0,53.0,20.0,232.30254134261304,,270.0,62.0,16.0,89.0,89.0,89.0,6.631914446167683,-379.94212415942866,270.0,10.0,4.0,-16.0,-16.0,Down,Up,Down,Up,1.0,0.0,1.0,1.0,-16.0,16.0,8.0,8.0,18.0,6.0,0.0,5.0,4.0,o,False,,False,234.29933536654244,234.34813128373753,232.80610771009924,234.54949166889855,,,i,0.0,2.0809347535087,233.2992238642255,,,,,,,,,,,,,,,,,,,,,,,,,5001,1.0,FLE_PY,2021.2.3,143.88708806198278,
ParametersNew.xlsx,4.0,95.0,CCW,Behind,4.0,No,0.0,1.0,1.0,1.0,1.0,10.0,54.0,31.0,235.4030404861496,,225.0,63.0,16.0,79.0,79.0,79.0,72.50741824308707,-373.0183297101123,225.0,10.0,4.0,-18.0,-16.0,Down,Up,Up,Up,1.0,0.0,1.0,1.0,,16.0,8.0,8.0,19.0,6.0,0.0,5.0,4.0,o,False,,False,237.14723966342171,237.19586178491227,235.90391430022828,237.39728787679633,,,i,0.0,1.5752660553371245,236.3968936364599,,,,,,,,,,,,,,,,,,,,,,,,,5001,1.0,FLE_PY,2021.2.3,143.88708806198278,
ParametersNew.xlsx,4.0,265.0,CW,Ahead,1.0,No,0.0,1.0,1.0,1.0,1.0,11.0,55.0,6.0,237.9905450585975,,180.0,64.0,10.0,275.0,275.0,275.0,33.11918224411,378.5539852748633,180.0,10.0,4.0,-18.0,-18.0,Down,Up,Up,Up,1.0,0.0,1.0,1.0,10.0,17.0,8.0,8.0,19.0,7.0,0.0,5.0,4.0,o,False,,False,239.48786217630732,239.53652099116337,238.4944465019271,239.7379001496738,,,i,0.0,2.5206572265160503,238.98755867382715,,,,,,,,,,,,,,,,,,,,,,,,,5001,1.0,FLE_PY,2021.2.3,143.88708806198278,
ParametersNew.xlsx,4.0,255.0,CCW,Behind,4.0,No,0.0,1.0,1.0,1.0,1.0,12.0,56.0,35.0,241.52641751587544,,180.0,65.0,18.0,237.0,237.0,237.0,-206.96283330571023,318.6948158192612,180.0,12.0,4.0,-18.0,-18.0,Up,Up,Up,Up,1.0,0.0,1.0,1.0,-18.0,17.0,8.0,8.0,20.0,7.0,0.0,5.0,5.0,o,False,,False,243.02285683728223,243.07174036343895,242.0297930209781,243.2729676284871,,,o,1.0,1.5613012434205302,242.52281473946823,,,,,,,,,,,,,,,,,,,,,,,,,5001,1.0,FLE_PY,2021.2.3,143.88708806198278,
ParametersNew.xlsx,4.0,95.0,CW,Ahead,1.0,No,0.0,1.0,1.0,1.0,1.0,13.0,57.0,1.0,244.1019151091896,,225.0,66.0,12.0,107.0,107.0,107.0,-111.10124779463992,-363.3958072659535,225.0,12.0,4.0,-18.0,-16.0,Up,Up,Up,Down,1.0,0.0,1.0,1.0,,18.0,8.0,8.0,20.0,7.0,0.0,5.0,5.0,o,False,,False,245.84967610283456,245.89835113103615,244.60642697081676,246.09969672507395,,,i,0.0,1.7285979550688353,245.09953316937936,,,,,,,,,,,,,,,,,,,,,,,,,5001,1.0,FLE_PY,2021.2.3,143.88708806198278,
ParametersNew.xlsx,4.0,95.0,CW,Ahead,1.0,No,0.0,1.0,1.0,1.0,1.0,14.0,58.0,1.0,246.84342599972297,,270.0,67.0,14.0,109.0,109.0,109.0,-123.71589869371944,-359.2970587277404,270.0,14.0,4.0,-18.0,-16.0,Up,Up,Up,Down,1.0,0.0,1.0,1.0,,19.0,8.0,8.0,20.0,7.0,0.0,5.0,5.0,o,False,,False,248.83645369155056,248.88488978621535,247.3429501237606,249.08623794025516,,,i,0.0,1.8319640166100728,247.8361251579372,,,,,,,,,,,,,,,,,,,,,,,,,5001,1.0,FLE_PY,2021.2.3,143.88708806198278,
ParametersNew.xlsx,4.0,90.0,CW,Ahead,1.0,No,0.0,1.0,1.0,1.0,1.0,15.0,59.0,2.0,249.67689501317184,,225.0,68.0,16.0,106.0,106.0,106.0,-104.74219521045964,-365.2794444565612,225.0,16.0,4.0,-18.0,-16.0,Up,Up,Up,Down,1.0,0.0,1.0,1.0,,20.0,8.0,8.0,20.0,7.0,0.0,5.0,5.0,o,False,,False,251.41988444719027,251.46865817769867,250.17662166182708,251.6700077539608,,,i,0.0,1.7903679633345746,250.66973923817568,,,,,,,,,,,,,,,,,,,,,,,,,5001,1.0,FLE_PY,2021.2.3,143.88708806198278,
ParametersNew.xlsx,4.0,275.0,CW,Ahead,1.0,No,0.0,1.0,1.0,1.0,1.0,16.0,60.0,8.0,252.4686760977147,,270.0,69.0,18.0,293.0,293.0,293.0,148.47782882592392,349.7918443119274,270.0,18.0,4.0,-18.0,-16.0,Up,Up,Up,Down,1.0,0.0,1.0,1.0,18.0,21.0,8.0,8.0,20.0,8.0,0.0,5.0,5.0,o,False,,False,254.4622615855733,254.51075570695505,252.96869088883795,254.71227936336615,,,o,1.0,1.6784930234261992,253.4618090340755,,,,,,,,,,,,,,,,,,,,,,,,,5001,1.0,FLE_PY,2021.2.3,143.88708806198278,
ParametersNew.xlsx,4.0,270.0,CW,Ahead,90.0,No,0.0,1.0,1.0,1.0,1.0,17.0,61.0,40.0,255.15765688119973,,180.0,70.0,28.0,298.0,298.0,298.0,178.39919385863837,335.5200852863923,180.0,16.0,4.0,-18.0,-16.0,Down,Up,Up,Down,1.0,0.0,1.0,1.0,,21.0,8.0,8.0,20.0,8.0,0.0,5.0,5.0,o,True,True,False,256.65702086288,256.70545752643375,255.6635539884537,256.9068011293584,,,o,1.0,0.9834396303122048,256.15665108478606,,,,,,,,,,,,,,,,,,,,,,,,,5001,1.0,FLE_PY,2021.2.3,143.88708806198278,
ParametersNew.xlsx,4.0,275.0,CCW,Ahead,3.0,No,0.0,1.0,1.0,1.0,1.0,18.0,62.0,28.0,257.15094569325083,,270.0,71.0,18.0,257.0,257.0,257.0,-85.4814006506688,370.2606246183894,270.0,16.0,4.0,-18.0,-16.0,Down,Up,Up,Down,1.0,0.0,1.0,1.0,,21.0,8.0,9.0,20.0,8.0,0.0,5.0,5.0,o,False,,False,259.14344204240297,259.191812714791,257.64992254571007,259.39333722453557,,,i,0.0,2.037329098520786,258.1431527621553,,,,,,,,,,,,,,,,,,,,,,,,,5001,1.0,FLE_PY,2021.2.3,143.88708806198278,
ParametersNew.xlsx,4.0,95.0,CW,Ahead,1.0,No,0.0,1.0,1.0,1.0,1.0,19.0,63.0,1.0,260.19920372554225,,180.0,72.0,16.0,111.0,111.0,111.0,-136.17982082721412,-354.7605620689367,180.0,16.0,4.0,-20.0,-16.0,Down,Up,Up,Down,1.0,0.0,1.0,1.0,16.0,22.0,8.0,9.0,20.0,9.0,0.0,5.0,5.0,o,False,,False,261.6921457995195,261.74097158340555,260.69927540560275,261.94235813747764,,,i,0.0,2.2282406925423857,261.1920894794712,,,,,,,,,,,,,,,,,,,,,,,,,5001,1.0,FLE_PY,2021.2.3,143.88708806198278,
ParametersNew.xlsx,4.0,105.0,CW,Behind,2.0,No,0.0,1.0,1.0,1.0,1.0,20.0,64.0,10.0,263.43032868721275,,270.0,73.0,4.0,109.0,109.0,109.0,-123.71589869371944,-359.2970587277404,270.0,18.0,4.0,-20.0,-16.0,Up,Up,Up,Down,1.0,0.0,1.0,1.0,,22.0,9.0,9.0,20.0,9.0,0.0,5.0,5.0,o,False,,False,265.42907144169476,265.47770579430835,263.93560286060165,265.6789865349565,,,i,0.0,1.599558200512547,264.428721005841,,,,,,,,,,,,,,,,,,,,,,,,,5001,1.0,FLE_PY,2021.2.3,143.88708806198278,
ParametersNew.xlsx,4.0,285.0,CW,Ahead,1.0,No,0.0,1.0,1.0,1.0,1.0,21.0,65.0,9.0,266.04478126487993,,180.0,74.0,18.0,303.0,303.0,303.0,206.96283330571012,318.69481581926124,180.0,18.0,8.0,-20.0,-16.0,Up,Up,Up,Down,1.0,0.0,1.0,1.0,18.0,23.0,9.0,9.0,20.0,10.0,0.0,5.0,5.0,o,False,,False,267.54033510997397,267.58911964938125,266.5470480045915,267.7904843012129,,,o,1.0,1.219962214367115,267.0403968344708,,,,,,,,,,,,,,,,,,,,,,,,,5001,1.0,FLE_PY,2021.2.3,143.88708806198278,
ParametersNew.xlsx,4.0,95.0,CCW,Ahead,3.0,No,0.0,1.0,1.0,1.0,1.0,22.0,66.0,21.0,268.2727082149322,,270.0,75.0,20.0,75.0,75.0,75.0,98.35123713895788,-367.051813989846,270.0,16.0,8.0,-20.0,-16.0,Down,Up,Up,Down,1.0,0.0,1.0,1.0,-20.0,23.0,9.0,10.0,20.0,10.0,0.0,6.0,5.0,o,False,,False,270.2698651902847,270.31872368531003,268.77653570264374,270.5198988969787,,,o,1.0,1.829335747699588,269.26285590430234,,,,,,,,,,,,,,,,,,,,,,,,,5001,1.0,FLE_PY,2021.2.3,143.88708806198278,
ParametersNew.xlsx,4.0,75.0,CW,Ahead,1.0,No,0.0,1.0,1.0,1.0,1.0,23.0,67.0,4.0,271.10348894164235,,225.0,76.0,16.0,91.0,91.0,91.0,-6.6319144461677215,-379.94212415942866,225.0,16.0,8.0,-18.0,-16.0,Down,Up,Down,Down,1.0,0.0,1.0,1.0,16.0,24.0,9.0,10.0,20.0,11.0,0.0,6.0,5.0,o,False,,False,272.84722418963065,272.8952905062033,271.60358963506224,273.09668701583905,,,i,0.0,1.6437543626707338,272.0966079402151,,,,,,,,,,,,,,,,,,,,,,,,,5001,1.0,FLE_PY,2021.2.3,143.88708806198278,
ParametersNew.xlsx,4.0,255.0,CCW,Ahead,3.0,No,0.0,1.0,1.0,1.0,1.0,24.0,68.0,25.0,273.76041906666796,,315.0,77.0,18.0,237.0,237.0,237.0,-206.96283330571023,318.6948158192612,315.0,18.0,8.0,-18.0,-16.0,Up,Up,Down,Down,1.0,0.0,1.0,1.0,,24.0,9.0,11.0,20.0,11.0,0.0,6.0,5.0,o,False,,False,276.00680050357914,276.0555318518309,274.26360598494284,276.25685355251335,,,o,1.0,1.9434828317716892,274.7566982457156,,,,,,,,,,,,,,,,,,,,,,,,,5001,1.0,FLE_PY,2021.2.3,143.88708806198278,
ParametersNew.xlsx,4.0,285.0,CCW,Ahead,3.0,No,0.0,1.0,1.0,1.0,1.0,25.0,69.0,29.0,276.7127546704378,,270.0,78.0,16.0,269.0,269.0,269.0,-6.6319144461677295,379.94212415942866,270.0,18.0,8.0,-16.0,-16.0,Up,Up,Down,Down,1.0,0.0,1.0,1.0,,24.0,9.0,12.0,20.0,11.0,0.0,6.0,5.0,o,False,,False,278.7085776002077,278.75723925951024,277.2153232059645,278.9586852625216,,,o,1.0,2.087927257254705,277.70835914668714,,,,,,,,,,,,,,,,,,,,,,,,,5001,1.0,FLE_PY,2021.2.3,143.88708806198278,
ParametersNew.xlsx,4.0,270.0,CW,Ahead,90.0,No,0.0,1.0,1.0,1.0,1.0,26.0,70.0,40.0,279.8069337374709,,315.0,79.0,28.0,298.0,298.0,298.0,178.39919385863837,335.5200852863923,315.0,18.0,8.0,-14.0,-16.0,Up,Up,Down,Down,1.0,0.0,1.0,1.0,,24.0,9.0,12.0,20.0,11.0,0.0,6.0,5.0,o,True,True,False,282.049531491155,282.0978959057593,280.30603119447915,282.29957828230545,,,o,1.0,1.837202918857656,280.79907225520765,,,,,,,,,,,,,,,,,,,,,,,,,5001,1.0,FLE_PY,2021.2.3,143.88708806198278,
ParametersNew.xlsx,4.0,275.0,CCW,Behind,4.0,No,0.0,1.0,1.0,1.0,1.0,27.0,71.0,38.0,282.6485464023135,,270.0,80.0,16.0,259.0,259.0,259.0,-72.50741824308727,373.01832971011225,270.0,18.0,8.0,-14.0,-16.0,Up,Up,Down,Down,1.0,0.0,1.0,1.0,-16.0,24.0,9.0,12.0,21.0,11.0,0.0,6.0,6.0,o,False,,False,284.6470266143515,284.69553666463435,283.1537406467469,284.89689704979537,,,i,0.0,2.0374238186013827,283.6467452985544,,,,,,,,,,,,,,,,,,,,,,,,,5001,1.0,FLE_PY,2021.2.3,143.88708806198278,
ParametersNew.xlsx,4.0,90.0,CCW,Ahead,90.0,No,0.0,1.0,1.0,1.0,1.0,28.0,72.0,43.0,285.6997637971308,,180.0,81.0,28.0,62.0,62.0,62.0,178.39919385863854,-335.5200852863922,180.0,18.0,8.0,-14.0,-18.0,Up,Up,Down,Up,1.0,0.0,1.0,1.0,,24.0,9.0,12.0,21.0,11.0,0.0,6.0,6.0,o,True,True,False,287.19601225615224,287.24475526663446,286.2028369375312,287.4459836694605,,,o,1.0,1.14054042214957,286.69583049599714,,,,,,,,,,,,,,,,,,,,,,,,,5001,1.0,FLE_PY,2021.2.3,143.88708806198278,
ParametersNew.xlsx,4.0,90.0,CCW,Ahead,90.0,No,0.0,1.0,1.0,1.0,1.0,29.0,73.0,43.0,287.8450740722401,,180.0,82.0,28.0,62.0,62.0,62.0,178.39919385863854,-335.5200852863922,180.0,18.0,8.0,-14.0,-18.0,Up,Up,Down,Up,1.0,0.0,1.0,1.0,,24.0,9.0,12.0,21.0,11.0,0.0,6.0,6.0,o,True,True,False,289.34212978528376,289.3906295955585,288.3488051332024,289.59229661209247,,,o,1.0,1.0582292407998466,288.84190109175506,,,,,,,,,,,,,,,,,,,,,,,,,5001,1.0,FLE_PY,2021.2.3,143.88708806198278,
ParametersNew.xlsx,4.0,265.0,CCW,Ahead,3.0,No,0.0,1.0,1.0,1.0,1.0,30.0,74.0,26.0,289.91552504791434,,270.0,83.0,14.0,251.0,251.0,251.0,-123.71589869371952,359.2970587277404,270.0,18.0,8.0,-14.0,-18.0,Up,Up,Down,Up,1.0,0.0,1.0,1.0,,24.0,9.0,13.0,21.0,11.0,0.0,6.0,6.0,o,False,,False,291.9119649382101,291.96040217065274,290.4186613350339,292.1619889737849,,,o,1.0,2.0125479929283756,290.9116395334877,,,,,,,,,,,,,,,,,,,,,,,,,5001,1.0,FLE_PY,2021.2.3,143.88708806198278,
ParametersNew.xlsx,4.0,270.0,CW,Ahead,1.0,No,0.0,1.0,1.0,1.0,1.0,31.0,75.0,7.0,292.93328492084584,,270.0,84.0,18.0,288.0,288.0,288.0,117.42645786247996,361.4014761921584,270.0,18.0,8.0,-12.0,-18.0,Up,Up,Down,Up,1.0,0.0,1.0,1.0,18.0,25.0,9.0,13.0,21.0,12.0,0.0,6.0,6.0,o,False,,False,294.92638343940234,294.9749870719879,293.4328565471478,295.17614749253335,,,o,1.0,1.6541454115376837,293.9260381235508,,,,,,,,,,,,,,,,,,,,,,,,,5001,1.0,FLE_PY,2021.2.3,143.88708806198278,
ParametersNew.xlsx,4.0,75.0,CW,Behind,2.0,No,0.0,1.0,1.0,1.0,1.0,32.0,76.0,14.0,295.5865502605211,,315.0,85.0,8.0,83.0,83.0,83.0,46.31035049395605,-377.16753762370234,315.0,16.0,8.0,-12.0,-18.0,Down,Up,Down,Up,1.0,0.0,1.0,1.0,,25.0,10.0,13.0,21.0,12.0,0.0,6.0,6.0,o,False,,False,297.8294512322427,297.87799598477795,296.08599900671834,298.07957397012433,,,i,0.0,2.01697935671109,296.5792406009514,,,,,,,,,,,,,,,,,,,,,,,,,5001,1.0,FLE_PY,2021.2.3,143.88708806198278,
ParametersNew.xlsx,4.0,270.0,CCW,Behind,4.0,No,0.0,1.0,1.0,1.0,1.0,33.0,77.0,37.0,298.60790892763725,,270.0,86.0,18.0,252.0,252.0,252.0,-117.42645786248008,361.4014761921583,270.0,16.0,12.0,-12.0,-18.0,Down,Up,Down,Up,1.0,0.0,1.0,1.0,-18.0,25.0,10.0,13.0,22.0,12.0,0.0,6.0,7.0,o,False,,False,300.6008279615944,300.6492720207116,299.1073892471941,300.8508428949408,,,o,1.0,1.7317754866708128,299.6004689923993,,,,,,,,,,,,,,,,,,,,,,,,,5001,1.0,FLE_PY,2021.2.3,143.88708806198278,
ParametersNew.xlsx,4.0,275.0,CW,Behind,2.0,No,0.0,1.0,1.0,1.0,1.0,34.0,78.0,18.0,301.3547844449713,,315.0,87.0,12.0,287.0,287.0,287.0,111.10124779463996,363.39580726595347,315.0,16.0,12.0,-12.0,-16.0,Down,Up,Down,Down,1.0,0.0,1.0,1.0,12.0,25.0,11.0,13.0,22.0,12.0,1.0,6.0,7.0,o,False,,False,303.60171258457194,303.64971234108634,301.85768862522673,303.8511316062977,,,o,1.0,2.037528778690102,302.3508562638417,,,,,,,,,,,,,,,,,,,,,,,,,5001,1.0,FLE_PY,2021.2.3,143.88708806198278,
ParametersNew.xlsx,4.0,75.0,CCW,Behind,4.0,No,0.0,1.0,1.0,1.0,1.0,35.0,79.0,34.0,304.40054818180033,,225.0,88.0,16.0,59.0,59.0,59.0,195.71446846582063,-325.72357426680264,225.0,16.0,8.0,-12.0,-16.0,Down,Down,Down,Down,1.0,0.0,1.0,1.0,,25.0,11.0,13.0,23.0,12.0,1.0,6.0,7.0,o,False,,False,306.1430000153596,306.19180560367386,304.899799523384,306.3931090998958,,,o,1.0,1.403221392971318,305.39293160641137,,,,,,,,306.80421729070986,,space,306.80421729070986,,73.4882365055164,,,,,,,,,,,,5001,1.0,FLE_PY,2021.2.3,143.88708806198278,
ParametersNew.xlsx,4.0,85.0,CCW,Behind,4.0,No,0.0,1.0,1.0,1.0,1.0,36.0,80.0,33.0,380.3010818569219,,180.0,89.0,14.0,71.0,71.0,71.0,123.71589869371957,-359.29705872774036,180.0,16.0,8.0,-12.0,-14.0,Down,Down,Down,Down,1.0,0.0,1.0,1.0,-14.0,25.0,11.0,13.0,24.0,12.0,1.0,6.0,8.0,o,False,,False,381.7999881671003,381.8484768840335,380.8065759060555,382.0498182113988,,,i,0.0,1.6404192487134424,381.2997443980039,,,,,,,,,,,,,,,,,,,,,,,,,5001,1.0,FLE_PY,2021.2.3,143.88708806198278,
ParametersNew.xlsx,4.0,265.0,CW,Ahead,1.0,No,0.0,1.0,1.0,1.0,1.0,37.0,81.0,6.0,382.95023839309215,,315.0,90.0,16.0,281.0,281.0,281.0,72.50741824308682,373.0183297101124,315.0,16.0,8.0,-12.0,-16.0,Down,Down,Down,Up,1.0,0.0,1.0,1.0,,26.0,11.0,13.0,24.0,12.0,1.0,6.0,8.0,o,False,,False,385.19609417622087,385.2446446176509,383.45280408417057,385.4461182117975,,,o,1.0,2.634318194617663,383.94608237176726,,,,,,,,,,,,,,,,,,,,,,,,,5001,1.0,FLE_PY,2021.2.3,143.88708806198278,
ParametersNew.xlsx,4.0,95.0,CW,Behind,2.0,No,0.0,1.0,1.0,1.0,1.0,38.0,82.0,11.0,386.59378340447256,,315.0,91.0,8.0,103.0,103.0,103.0,-85.48140065066863,-370.2606246183894,315.0,14.0,8.0,-12.0,-16.0,Down,Down,Down,Up,1.0,0.0,1.0,1.0,8.0,26.0,12.0,13.0,24.0,12.0,2.0,6.0,8.0,o,False,,False,388.84274959025606,388.8912420049692,387.0990871601098,389.0925204700616,,,i,0.0,2.780131083489323,387.5923105498823,,,,,,,,,,,,,,,,,,,,,,,,,5001,1.0,FLE_PY,2021.2.3,143.88708806198278,
ParametersNew.xlsx,4.0,105.0,CCW,Ahead,3.0,No,0.0,1.0,1.0,1.0,1.0,39.0,83.0,20.0,390.38512047085715,,270.0,92.0,12.0,93.0,93.0,93.0,-19.887663372318578,-379.4792232067381,270.0,14.0,12.0,-12.0,-16.0,Down,Up,Down,Up,1.0,0.0,1.0,1.0,,26.0,12.0,14.0,24.0,12.0,2.0,6.0,8.0,o,False,,False,392.37766318449394,392.4265535373251,390.8845692170544,392.6277845001532,,,o,1.0,2.2509422230268683,391.3775033265792,,,,,,,,,,,,,,,,,,,,,,,,,5001,1.0,FLE_PY,2021.2.3,143.88708806198278,
ParametersNew.xlsx,4.0,85.0,CW,Behind,2.0,No,0.0,1.0,1.0,1.0,1.0,40.0,84.0,13.0,393.6368147656358,,180.0,93.0,12.0,97.0,97.0,97.0,-46.310350493956,-377.1675376237024,180.0,14.0,12.0,-10.0,-16.0,Down,Up,Down,Up,1.0,0.0,1.0,1.0,12.0,26.0,13.0,14.0,24.0,12.0,3.0,6.0,8.0,o,False,,False,395.1350392618988,395.183666218949,394.1417714987547,395.3851352619804,,,o,1.0,2.1214763703264907,394.6349007373374,,,,,,,,,,,,,,,,,,,,,,,,,5001,1.0,FLE_PY,2021.2.3,143.88708806198278,
ParametersNew.xlsx,4.0,275.0,CCW,Behind,4.0,No,0.0,1.0,1.0,1.0,1.0,41.0,85.0,38.0,396.77422601178296,,225.0,94.0,16.0,259.0,259.0,259.0,-72.50741824308727,373.01832971011225,225.0,14.0,10.0,-10.0,-16.0,Down,Down,Down,Up,1.0,1.0,1.0,1.0,-16.0,26.0,13.0,14.0,25.0,12.0,3.0,6.0,9.0,o,False,,False,398.51757299277233,398.5661851586992,397.2742820473868,398.7675452594158,,,o,1.0,1.6607749638624227,397.7675134016099,,,,,,,,,,,,,,,,,,,,,,,,,5001,1.0,FLE_PY,2021.2.3,143.88708806198278,
ParametersNew.xlsx,4.0,275.0,CW,Behind,2.0,No,0.0,1.0,1.0,1.0,1.0,42.0,86.0,18.0,399.4346872331553,,315.0,95.0,10.0,285.0,285.0,285.0,98.35123713895804,367.0518139898459,315.0,14.0,10.0,-10.0,-14.0,Down,Down,Down,Down,1.0,1.0,1.0,1.0,10.0,26.0,14.0,14.0,25.0,12.0,4.0,6.0,9.0,o,False,,False,401.677676098283,401.72636591760966,399.93429498393016,401.9277530405707,,,i,0.0,2.1448190391347453,400.4274373069675,,,,,,,,,,,,,,,,,,,,,,,,,5001,1.0,FLE_PY,2021.2.3,143.88708806198278,
ParametersNew.xlsx,4.0,90.0,CW,Ahead,1.0,No,0.0,1.0,1.0,1.0,1.0,43.0,87.0,2.0,402.59068381071665,,225.0,96.0,14.0,104.0,104.0,104.0,-91.93032032787376,-368.71237598487863,225.0,14.0,12.0,-10.0,-14.0,Down,Up,Down,Down,1.0,1.0,1.0,1.0,,27.0,14.0,14.0,25.0,12.0,4.0,6.0,9.0,o,False,,False,404.33779314158346,404.3864141252943,403.0945118673153,404.58798670619217,,,o,1.0,1.5207454043702455,403.5876780837061,,,,,,,,,,,,,,,,,,,,,,,,,5001,1.0,FLE_PY,2021.2.3,143.88708806198278,
ParametersNew.xlsx,4.0,95.0,CCW,Ahead,3.0,No,0.0,1.0,1.0,1.0,2.0,0.0,88.0,21.0,405.1190420926923,,180.0,97.0,10.0,85.0,85.0,85.0,33.11918224411009,-378.5539852748633,180.0,12.0,12.0,-10.0,-14.0,Down,Up,Down,Down,1.0,1.0,1.0,1.0,-10.0,27.0,14.0,15.0,25.0,12.0,4.0,7.0,9.0,o,False,,False,406.61599113897864,406.6646798205256,405.6226960691438,406.8660379301291,,,i,0.0,2.040329989971724,406.1159001166779,,,,,,,,,,,,,,,,,,,,,,,,,5001,1.0,FLE_PY,2021.2.3,143.88708806198278,
ParametersNew.xlsx,4.0,85.0,CW,Ahead,1.0,No,0.0,1.0,1.0,1.0,2.0,1.0,89.0,3.0,408.1735937481317,,270.0,98.0,12.0,97.0,97.0,97.0,-46.310350493956,-377.1675376237024,270.0,12.0,12.0,-12.0,-14.0,Down,Up,Up,Down,1.0,1.0,1.0,1.0,12.0,28.0,14.0,15.0,25.0,13.0,4.0,7.0,9.0,o,False,,False,410.17186517776827,410.22070717500173,408.6787202947289,410.42203883124967,,,i,0.0,1.9206129100348337,409.1717428665525,,,,,,,,,,,,,,,,,,,,,,,,,5001,1.0,FLE_PY,2021.2.3,143.88708806198278,
ParametersNew.xlsx,4.0,285.0,CW,Behind,2.0,No,0.0,1.0,1.0,1.0,2.0,2.0,90.0,19.0,411.1026122831172,,270.0,99.0,12.0,297.0,297.0,297.0,172.51638990102774,338.58247919157986,270.0,14.0,12.0,-12.0,-14.0,Up,Up,Up,Down,1.0,1.0,1.0,1.0,,28.0,15.0,15.0,25.0,13.0,4.0,7.0,9.0,o,False,,False,413.0959156018471,413.1447888879975,411.6026259364626,413.3461185531305,,,i,0.0,1.9246238645682752,412.0957295750213,,,,,,,,,,,,,,,,,,,,,,,,,5001,1.0,FLE_PY,2021.2.3,143.88708806198278,
ParametersNew.xlsx,4.0,270.0,CCW,Ahead,3.0,No,0.0,1.0,1.0,1.0,2.0,3.0,91.0,27.0,414.0342570958983,,270.0,100.0,12.0,258.0,258.0,258.0,-79.00644251074871,371.6960882788461,270.0,14.0,14.0,-12.0,-14.0,Up,Up,Up,Down,1.0,1.0,1.0,1.0,,28.0,15.0,16.0,25.0,13.0,4.0,7.0,9.0,o,False,,False,416.02685641402786,416.07573368240264,414.5337288821138,416.2769128762975,,,i,0.0,2.697577839711812,415.0267622628362,,,,,,,,,,,,,,,,,,,,,,,,,5001,1.0,FLE_PY,2021.2.3,143.88708806198278,
ParametersNew.xlsx,4.0,265.0,CW,Ahead,1.0,No,0.0,1.0,1.0,1.0,2.0,4.0,92.0,6.0,417.7488936523878,,270.0,101.0,14.0,279.0,279.0,279.0,59.445096715287654,375.32156942615234,270.0,14.0,14.0,-14.0,-14.0,Up,Up,Up,Down,1.0,1.0,1.0,1.0,14.0,29.0,15.0,16.0,25.0,14.0,4.0,7.0,9.0,o,False,,False,419.7428213272069,419.7913905419864,418.2493956972612,419.99281492720183,,,o,1.0,2.4457731803940987,418.74254541586015,,,,,,,,,,,,,,,,,,,,,,,,,5001,1.0,FLE_PY,2021.2.3,143.88708806198278,
ParametersNew.xlsx,4.0,255.0,CCW,Behind,4.0,No,0.0,1.0,1.0,1.0,2.0,5.0,93.0,35.0,421.2047245124759,,180.0,102.0,14.0,241.0,241.0,241.0,-184.227655693608,332.35548871297044,180.0,12.0,14.0,-14.0,-14.0,Down,Up,Up,Down,1.0,1.0,1.0,1.0,,29.0,15.0,16.0,26.0,14.0,4.0,7.0,9.0,o,False,,False,422.7015364564213,422.7503306669478,421.70833639111333,422.95160344314536,,,o,1.0,1.3388057646698144,422.2015219497425,,,,,,,,,,,,,,,,,,,,,,,,,5001,1.0,FLE_PY,2021.2.3,143.88708806198278,
ParametersNew.xlsx,4.0,270.0,CCW,Ahead,3.0,No,0.0,1.0,1.0,1.0,2.0,6.0,94.0,27.0,423.56276072910987,,315.0,103.0,14.0,256.0,256.0,256.0,-91.93032032787376,368.71237598487863,315.0,12.0,14.0,-14.0,-12.0,Down,Up,Up,Down,1.0,1.0,1.0,1.0,-14.0,29.0,15.0,17.0,26.0,14.0,4.0,8.0,9.0,o,False,,False,425.8062507857776,425.8547443382704,424.06303749379185,426.0562958702613,,,o,1.0,2.0803283174354874,424.5560637633953,,,,,,,,,,,,,,,,,,,,,,,,,5001,1.0,FLE_PY,2021.2.3,143.88708806198278,
ParametersNew.xlsx,4.0,90.0,CCW,Ahead,3.0,No,0.0,1.0,1.0,1.0,2.0,7.0,95.0,22.0,426.655634763918,,225.0,104.0,12.0,78.0,78.0,78.0,79.0064425107486,-371.6960882788461,225.0,12.0,14.0,-12.0,-12.0,Down,Up,Down,Down,1.0,1.0,1.0,1.0,-12.0,29.0,15.0,18.0,26.0,14.0,4.0,9.0,9.0,o,False,,False,428.4039285224626,428.45231995931135,427.1604293635646,428.6539556869302,,,i,0.0,1.725630059205287,427.64676492523904,,,,,,,,,,,,,,,,,,,,,,,,,5001,1.0,FLE_PY,2021.2.3,143.88708806198278,
ParametersNew.xlsx,4.0,285.0,CW,Behind,2.0,No,0.0,1.0,1.0,1.0,2.0,8.0,96.0,19.0,429.393704158183,,180.0,105.0,14.0,299.0,299.0,299.0,184.22765569360783,332.3554887129705,180.0,12.0,14.0,-14.0,-12.0,Down,Up,Up,Down,1.0,1.0,1.0,1.0,,29.0,16.0,18.0,26.0,14.0,4.0,9.0,9.0,o,False,,False,430.8903741642298,430.9390275746355,429.8968697431064,431.1404633376387,,,i,0.0,1.462150936589751,430.39014006625257,,,,,,,,,,,,,,,,,,,,,,,,,5001,1.0,FLE_PY,2021.2.3,143.88708806198278,
ParametersNew.xlsx,4.0,270.0,CCW,Behind,100.0,No,0.0,1.0,1.0,1.0,2.0,9.0,97.0,42.0,431.874933368832,,225.0,106.0,28.0,298.0,298.0,298.0,178.39919385863837,335.5200852863923,225.0,12.0,16.0,-14.0,-12.0,Down,Up,Up,Down,1.0,1.0,1.0,1.0,,29.0,16.0,18.0,26.0,14.0,4.0,9.0,9.0,i,True,True,False,433.619780795545,433.6684501348536,432.37646624125045,433.869972084598,,,i,1.0,1.326672776538544,432.86969674214015,,,,,,,,,,,,,,,,,,,,,,,,,5001,1.0,FLE_PY,2021.2.3,143.88708806198278,
ParametersNew.xlsx,4.0,270.0,CCW,Behind,4.0,No,0.0,1.0,1.0,1.0,2.0,10.0,98.0,37.0,434.2066612963499,,225.0,107.0,12.0,258.0,258.0,258.0,-79.00644251074871,371.6960882788461,225.0,12.0,16.0,-14.0,-12.0,Down,Up,Up,Down,1.0,1.0,1.0,1.0,-12.0,29.0,16.0,18.0,27.0,14.0,4.0,9.0,10.0,o,False,,False,435.9534511958336,436.00212878403727,434.71021031271266,436.2034863247518,,,i,0.0,1.2730910774826043,435.2032175245222,,,,,,,,,,,,,,,,,,,,,,,,,5001,1.0,FLE_PY,2021.2.3,143.88708806198278,
ParametersNew.xlsx,4.0,265.0,CCW,Behind,4.0,No,0.0,1.0,1.0,1.0,2.0,11.0,99.0,36.0,436.4908937877845,,180.0,108.0,14.0,251.0,251.0,251.0,-123.71589869371952,359.2970587277404,180.0,12.0,16.0,-14.0,-14.0,Down,Up,Up,Up,1.0,1.0,1.0,1.0,,29.0,16.0,18.0,28.0,14.0,4.0,9.0,10.0,o,False,,False,437.988523794651,438.03711121388915,436.99528476042,438.23849833685017,,,i,0.0,1.1319957037467248,437.48846064793,,,,,,,,,,,,,,,,,,,,,,,,,5001,1.0,FLE_PY,2021.2.3,143.88708806198278,
ParametersNew.xlsx,4.0,270.0,CW,Behind,2.0,No,0.0,1.0,1.0,1.0,2.0,12.0,100.0,17.0,438.6289046433303,,180.0,109.0,16.0,286.0,286.0,286.0,104.74219521045976,365.2794444565611,180.0,12.0,16.0,-14.0,-16.0,Down,Up,Up,Up,1.0,1.0,1.0,1.0,16.0,29.0,17.0,18.0,28.0,14.0,5.0,9.0,10.0,o,False,,False,440.12785504243584,440.176553395102,439.1344123458093,440.37770130008175,,,o,1.0,1.240738623208017,439.6275262243762,,,,,,,,,,,,,,,,,,,,,,,,,5001,1.0,FLE_PY,2021.2.3,143.88708806198278,
ParametersNew.xlsx,4.0,90.0,CCW,Behind,4.0,No,0.0,1.0,1.0,1.0,2.0,13.0,101.0,32.0,440.8840973233182,,180.0,110.0,16.0,74.0,74.0,74.0,104.74219521045968,-365.2794444565612,180.0,12.0,14.0,-14.0,-16.0,Down,Down,Up,Up,1.0,1.0,1.0,1.0,,29.0,17.0,18.0,29.0,14.0,5.0,9.0,10.0,o,False,,False,442.3781399137897,442.4265950662484,441.384869875088,442.6278957180257,,,i,0.0,2.19851423162072,441.87783413575016,,,,,,,,,,,,,,,,,,,,,,,,,5001,1.0,FLE_PY,2021.2.3,143.88708806198278,
ParametersNew.xlsx,4.0,255.0,CW,Behind,2.0,No,0.0,1.0,1.0,1.0,2.0,14.0,102.0,15.0,444.0915539270136,,225.0,111.0,14.0,269.0,269.0,269.0,-6.6319144461677295,379.94212415942866,225.0,12.0,14.0,-14.0,-18.0,Down,Down,Up,Up,1.0,1.0,1.0,1.0,14.0,29.0,18.0,18.0,29.0,14.0,6.0,9.0,10.0,o,False,,False,445.83685845634136,445.88553007120754,444.5934645419784,446.0868059762961,,,i,0.0,1.7495919640950888,445.0866498161631,,,,,,,,,,,,,,,,,,,,,,,,,5001,1.0,FLE_PY,2021.2.3,143.88708806198278,
ParametersNew.xlsx,4.0,255.0,CW,Ahead,1.0,No,0.0,1.0,1.0,1.0,2.0,15.0,103.0,5.0,446.847711443379,,180.0,112.0,12.0,267.0,267.0,267.0,-19.887663372318837,379.4792232067381,180.0,12.0,16.0,-14.0,-18.0,Down,Up,Up,Up,1.0,1.0,1.0,1.0,12.0,30.0,18.0,18.0,29.0,15.0,6.0,9.0,10.0,o,False,,False,448.34431773381766,448.3927296506845,447.3509834106153,448.5943113338108,,,i,0.0,1.28839135720591,447.8439459646106,,,,,,,,,,,,,,,,,,,,,,,,,5001,1.0,FLE_PY,2021.2.3,143.88708806198278,
ParametersNew.xlsx,4.0,90.0,CCW,Ahead,3.0,No,0.0,1.0,1.0,1.0,2.0,16.0,104.0,22.0,449.1537124867227,,180.0,113.0,14.0,76.0,76.0,76.0,91.9303203278738,-368.71237598487863,180.0,14.0,16.0,-14.0,-18.0,Up,Up,Up,Up,1.0,1.0,1.0,1.0,-14.0,30.0,18.0,19.0,29.0,15.0,6.0,10.0,10.0,o,False,,False,450.64996407463514,450.6986206139336,449.6568911561026,450.8999206968201,,,o,1.0,1.8225420707913145,450.1499051945848,,,,,,,,,,,,,,,,,,,,,,,,,5001,1.0,FLE_PY,2021.2.3,143.88708806198278,
ParametersNew.xlsx,4.0,265.0,CCW,Ahead,3.0,No,0.0,1.0,1.0,1.0,2.0,17.0,105.0,26.0,451.9933846699096,,225.0,114.0,12.0,253.0,253.0,253.0,-111.1012477946401,363.3958072659534,225.0,14.0,16.0,-12.0,-18.0,Up,Up,Down,Up,1.0,1.0,1.0,1.0,-12.0,30.0,18.0,20.0,29.0,15.0,6.0,11.0,10.0,o,False,,False,453.74082793883827,453.7894893136963,452.4973859533238,453.9908292188393,,,i,0.0,1.4616062250152029,452.9907074765142,,,,,,,,,,,,,,,,,,,,,,,,,5001,1.0,FLE_PY,2021.2.3,143.88708806198278,
ParametersNew.xlsx,4.0,285.0,CCW,Ahead,3.0,No,0.0,1.0,1.0,1.0,2.0,18.0,106.0,29.0,454.47292797689806,,270.0,115.0,14.0,271.0,271.0,271.0,6.631914446167589,379.94212415942866,270.0,14.0,16.0,-14.0,-18.0,Up,Up,Up,Up,1.0,1.0,1.0,1.0,-14.0,30.0,18.0,21.0,29.0,15.0,6.0,12.0,10.0,o,False,,False,456.4704564370113,456.51890078057295,454.97691958919313,456.72023755682494,,,o,1.0,2.102282042835214,455.4700200988609,,,,,,,,,,,,,,,,,,,,,,,,,5001,1.0,FLE_PY,2021.2.3,143.88708806198278,
ParametersNew.xlsx,4.0,105.0,CW,Behind,2.0,No,0.0,1.0,1.0,1.0,2.0,19.0,107.0,10.0,457.5859219222075,,270.0,116.0,16.0,121.0,121.0,121.0,-195.71446846582063,-325.7235742668027,270.0,14.0,16.0,-12.0,-18.0,Up,Up,Down,Up,1.0,1.0,1.0,1.0,16.0,30.0,19.0,21.0,29.0,15.0,7.0,12.0,10.0,o,False,,False,459.5817229497352,459.6304454802011,458.0887080579196,459.8317873764572,,,o,1.0,2.0629157514649705,458.5816003540767,,,,,,,,,,,,,,,,,,,,,,,,,5001,1.0,FLE_PY,2021.2.3,143.88708806198278,
ParametersNew.xlsx,4.0,75.0,CW,Behind,2.0,No,0.0,1.0,1.0,1.0,2.0,20.0,108.0,14.0,460.6664425242525,,225.0,117.0,14.0,89.0,89.0,89.0,6.631914446167683,-379.94212415942866,225.0,14.0,14.0,-12.0,-18.0,Up,Down,Down,Up,1.0,1.0,1.0,1.0,,30.0,20.0,21.0,29.0,15.0,7.0,12.0,10.0,o,False,,False,462.41567694137666,462.4643653384792,461.17229611147013,462.66572344808264,,,o,1.0,2.643021633155513,461.6653900789097,,,,,,,,,,,,,,,,,,,,,,,,,5001,1.0,FLE_PY,2021.2.3,143.88708806198278,
ParametersNew.xlsx,4.0,85.0,CCW,Ahead,3.0,No,0.0,1.0,1.0,1.0,2.0,21.0,109.0,23.0,464.31934263694893,,180.0,118.0,12.0,73.0,73.0,73.0,111.10124779463996,-363.39580726595347,180.0,14.0,12.0,-12.0,-18.0,Up,Down,Down,Up,1.0,1.0,1.0,1.0,,30.0,20.0,22.0,29.0,15.0,7.0,12.0,10.0,o,False,,False,465.8118031460708,465.86046480537334,464.81887415655,466.0618832172513,,,o,1.0,1.8205842380084505,465.3117351637902,,,,,,,,,,,,,,,,,,,,,,,,,5001,1.0,FLE_PY,2021.2.3,143.88708806198278,
ParametersNew.xlsx,4.0,255.0,CW,Behind,2.0,No,0.0,1.0,1.0,1.0,2.0,22.0,110.0,15.0,467.14390426502,,225.0,119.0,12.0,267.0,267.0,267.0,-19.887663372318837,379.4792232067381,225.0,14.0,12.0,-10.0,-18.0,Up,Down,Down,Up,1.0,1.0,1.0,1.0,,30.0,21.0,22.0,29.0,15.0,7.0,12.0,10.0,o,False,,False,468.8888893629628,468.9374250132678,467.6456510398438,469.13893899855975,,,o,1.0,1.7936288372311535,468.1386286694069,,,,,,,,,,,,,,,,,,,,,,,,,5001,1.0,FLE_PY,2021.2.3,143.88708806198278,
ParametersNew.xlsx,4.0,85.0,CW,Behind,2.0,No,0.0,1.0,1.0,1.0,2.0,23.0,111.0,13.0,469.957801208433,,180.0,120.0,10.0,95.0,95.0,95.0,-33.11918224411013,-378.5539852748633,180.0,14.0,10.0,-10.0,-18.0,Up,Down,Down,Up,1.0,1.0,1.0,1.0,,30.0,22.0,22.0,29.0,15.0,7.0,12.0,10.0,o,False,,False,471.45164070539977,471.50028928024585,470.45829471996694,471.70167014542494,,,o,1.0,1.2289313242436035,470.95139010963067,,,,,,,,,,,,,,,,,,,,,,,,,5001,1.0,FLE_PY,2021.2.3,143.88708806198278,
ParametersNew.xlsx,4.0,105.0,CCW,Ahead,3.0,No,0.0,1.0,1.0,1.0,2.0,24.0,112.0,20.0,472.190114864452,,315.0,121.0,10.0,95.0,95.0,95.0,-33.11918224411013,-378.5539852748633,315.0,14.0,8.0,-10.0,-18.0,Up,Down,Down,Up,1.0,1.0,1.0,1.0,,30.0,22.0,23.0,29.0,15.0,7.0,12.0,10.0,o,False,,False,474.4381472183286,474.4867448775767,472.695001624179,474.6881792183558,,,o,1.0,2.0965274423688243,473.18796531595217,,,,,,,,,,,,,,,,,,,,,,,,,5001,1.0,FLE_PY,2021.2.3,143.88708806198278,
ParametersNew.xlsx,4.0,270.0,CW,Behind,2.0,No,0.0,1.0,1.0,1.0,2.0,25.0,113.0,17.0,475.30179581308767,,270.0,122.0,8.0,278.0,278.0,278.0,52.88577836482488,376.3018661217968,270.0,14.0,8.0,-8.0,-18.0,Up,Down,Down,Up,1.0,1.0,1.0,1.0,,30.0,23.0,23.0,29.0,15.0,7.0,12.0,10.0,o,False,,False,477.3414004691058,477.390116741788,475.806306536937,477.5914427091411,,,o,1.0,1.8809354361765145,476.299403917712,,,,,,,,,,,,,,,,,,,,,,,,,5001,1.0,FLE_PY,2021.2.3,143.88708806198278,
ParametersNew.xlsx,4.0,255.0,CCW,Behind,4.0,No,0.0,1.0,1.0,1.0,2.0,26.0,114.0,35.0,478.19640336759585,,315.0,123.0,18.0,237.0,237.0,237.0,-206.96283330571023,318.6948158192612,315.0,14.0,6.0,-8.0,-18.0,Up,Down,Down,Up,1.0,1.0,1.0,1.0,-18.0,30.0,23.0,23.0,30.0,15.0,7.0,12.0,11.0,o,False,,False,480.43920307700864,480.48754843381903,478.69581968709826,480.6890009790586,,,o,1.0,2.047639080650697,479.1887253521563,,,,,,,,,,,,,,,,,,,,,,,,,5001,1.0,FLE_PY,2021.2.3,143.88708806198278,
ParametersNew.xlsx,4.0,95.0,CW,Behind,2.0,No,0.0,1.0,1.0,1.0,2.0,27.0,115.0,11.0,481.24739491333094,,270.0,124.0,6.0,101.0,101.0,101.0,-72.50741824308703,-373.0183297101123,270.0,14.0,6.0,-8.0,-16.0,Up,Down,Down,Down,1.0,1.0,1.0,1.0,6.0,30.0,24.0,23.0,30.0,15.0,8.0,12.0,11.0,o,False,,False,483.2449461290198,483.29374745066343,481.7516007124759,483.4949596401421,,,i,0.0,2.0955850771224505,482.24500500907016,,,,,,,,,,,,,,,,,,,,,,,,,5001,1.0,FLE_PY,2021.2.3,143.88708806198278,
ParametersNew.xlsx,4.0,270.0,CW,Ahead,90.0,No,0.0,1.0,1.0,1.0,2.0,28.0,116.0,40.0,484.3597926625771,,180.0,125.0,28.0,298.0,298.0,298.0,178.39919385863837,335.5200852863923,180.0,14.0,8.0,-8.0,-16.0,Up,Up,Down,Down,1.0,1.0,1.0,1.0,,30.0,24.0,23.0,30.0,15.0,8.0,12.0,11.0,o,True,True,False,485.85646465973696,485.9051308701546,484.8632119721624,486.1063740641057,,,o,1.0,1.559997917864166,485.35648883753674,,,,,,,,,,,,,,,,,,,,,,,,,5001,1.0,FLE_PY,2021.2.3,143.88708806198278,
ParametersNew.xlsx,4.0,270.0,CCW,Ahead,3.0,No,0.0,1.0,1.0,1.0,2.0,29.0,117.0,27.0,486.9286476191118,,225.0,126.0,8.0,262.0,262.0,262.0,-52.885778364824674,376.3018661217968,225.0,14.0,8.0,-8.0,-16.0,Up,Up,Down,Down,1.0,1.0,1.0,1.0,-8.0,30.0,24.0,24.0,30.0,15.0,8.0,13.0,11.0,o,False,,False,488.6763702127246,488.7251009920856,487.43300474283024,488.9262176081483,,,i,0.0,1.9899204180655945,487.9262804704249,,,,,,,,,,,,,,,,,,,,,,,,,5001,1.0,FLE_PY,2021.2.3,143.88708806198278,
ParametersNew.xlsx,4.0,85.0,CW,Ahead,1.0,No,0.0,1.0,1.0,1.0,2.0,30.0,118.0,3.0,489.9350476245727,,225.0,127.0,14.0,99.0,99.0,99.0,-59.4450967152878,-375.32156942615234,225.0,14.0,8.0,-10.0,-16.0,Up,Up,Up,Down,1.0,1.0,1.0,1.0,14.0,31.0,24.0,24.0,30.0,16.0,8.0,13.0,11.0,o,False,,False,491.68368044118506,491.7323952916431,490.4403636113311,491.9337158545477,,,o,1.0,1.6628707523159392,490.9335329566147,,,,,,,,,,,,,,,,,,,,,,,,,5001,1.0,FLE_PY,2021.2.3,143.88708806198278,
ParametersNew.xlsx,4.0,105.0,CW,Ahead,1.0,No,0.0,1.0,1.0,1.0,2.0,31.0,119.0,0.0,492.61644738825635,,270.0,128.0,12.0,117.0,117.0,117.0,-172.51638990102776,-338.5824791915798,270.0,12.0,8.0,-10.0,-16.0,Down,Up,Up,Down,1.0,1.0,1.0,1.0,,32.0,24.0,24.0,30.0,16.0,8.0,13.0,11.0,o,False,,False,494.61485648912094,494.6631597481173,493.1213617391168,494.8649035647177,,,o,1.0,2.0700134997441637,493.6143905687241,,,,,,,,,,,,,,,,,,,,,,,,,5001,1.0,FLE_PY,2021.2.3,143.88708806198278,
ParametersNew.xlsx,4.0,95.0,CW,Behind,2.0,No,0.0,1.0,1.0,1.0,2.0,32.0,120.0,11.0,495.6910939230656,,225.0,129.0,8.0,103.0,103.0,103.0,-85.48140065066863,-370.2606246183894,225.0,10.0,8.0,-10.0,-16.0,Down,Up,Up,Down,1.0,1.0,1.0,1.0,,32.0,25.0,24.0,30.0,16.0,8.0,13.0,11.0,o,False,,False,497.4346633397999,497.48312162115144,496.1911852298108,497.6847015976109,,,i,0.0,1.9761982374675424,496.6842789128059,,,,,,,,,,,,,,,,,,,,,,,,,5001,1.0,FLE_PY,2021.2.3,143.88708806198278,
ParametersNew.xlsx,4.0,270.0,CCW,Behind,100.0,No,0.0,1.0,1.0,1.0,2.0,33.0,121.0,42.0,498.67165980870413,,270.0,130.0,28.0,298.0,298.0,298.0,178.39919385863837,335.5200852863923,270.0,10.0,10.0,-10.0,-16.0,Down,Up,Up,Down,1.0,1.0,1.0,1.0,,32.0,25.0,24.0,30.0,16.0,8.0,13.0,11.0,i,True,True,False,500.6640696866725,500.71268725704795,499.17106844820046,500.91407182000694,,,i,1.0,1.9645488053029112,499.6639320154427,,,,,,,,,,,,,,,,,,,,,,,,,5001,1.0,FLE_PY,2021.2.3,143.88708806198278,
ParametersNew.xlsx,4.0,270.0,CW,Ahead,1.0,No,0.0,1.0,1.0,1.0,2.0,34.0,122.0,7.0,501.6381178067477,,180.0,131.0,10.0,280.0,280.0,280.0,65.98630751343339,374.2269461446391,180.0,10.0,10.0,-10.0,-16.0,Down,Up,Up,Down,1.0,1.0,1.0,1.0,,33.0,25.0,24.0,30.0,16.0,8.0,13.0,11.0,o,False,,False,503.1369140368315,503.1852218469448,502.143402504591,503.3869144634991,,,o,1.0,1.8947048345926305,502.62970222623335,,,,,,,,,,,,,,,,,,,,,,,,,5001,1.0,FLE_PY,2021.2.3,143.88708806198278,
ParametersNew.xlsx,4.0,270.0,CW,Ahead,90.0,No,0.0,1.0,1.0,1.0,2.0,35.0,123.0,40.0,504.53582353279126,,315.0,132.0,28.0,298.0,298.0,298.0,178.39919385863837,335.5200852863923,315.0,8.0,10.0,-10.0,-16.0,Down,Up,Up,Down,1.0,1.0,1.0,1.0,,33.0,25.0,24.0,30.0,16.0,8.0,13.0,11.0,o,True,True,False,506.7831732194172,506.8317478386453,505.0396840160847,507.0332086327817,,,o,1.0,2.1514727692574525,505.5328178057807,,,,,,,,,,,,,,,,,,,,,,,,,5001,1.0,FLE_PY,2021.2.3,143.88708806198278,
ParametersNew.xlsx,4.0,275.0,CW,Ahead,1.0,No,0.0,1.0,1.0,1.0,2.0,36.0,124.0,8.0,507.6964178742765,,225.0,133.0,8.0,283.0,283.0,283.0,85.48140065066868,370.2606246183894,225.0,8.0,10.0,-10.0,-16.0,Down,Up,Up,Down,1.0,1.0,1.0,1.0,,34.0,25.0,24.0,30.0,16.0,8.0,13.0,11.0,o,False,,False,509.4439376588252,509.4919962953918,508.2000098417848,509.6931157559029,,,o,1.0,1.7031745733747812,508.6931743515088,,,,,,,,,,,,,,,,,,,,,,,,,5001,1.0,FLE_PY,2021.2.3,143.88708806198278,
ParametersNew.xlsx,4.0,275.0,CW,Behind,2.0,No,0.0,1.0,1.0,1.0,2.0,37.0,125.0,18.0,510.4115647245344,,180.0,134.0,10.0,285.0,285.0,285.0,98.35123713895804,367.0518139898459,180.0,6.0,10.0,-10.0,-16.0,Down,Up,Up,Down,1.0,1.0,1.0,1.0,10.0,34.0,26.0,24.0,30.0,16.0,9.0,13.0,11.0,o,False,,False,511.90880817107063,511.95734666582393,510.9156155013243,512.1587380554556,,,o,1.0,1.7075345415414631,511.4087962243939,,,,,,,,,,,,,,,,,,,,,,,,,5001,1.0,FLE_PY,2021.2.3,143.88708806198278,
ParametersNew.xlsx,4.0,75.0,CCW,Behind,4.0,No,0.0,1.0,1.0,1.0,2.0,38.0,126.0,34.0,513.1304346713041,,180.0,135.0,16.0,59.0,59.0,59.0,195.71446846582063,-325.72357426680264,180.0,6.0,8.0,-10.0,-16.0,Down,Down,Up,Down,1.0,1.0,1.0,1.0,,34.0,26.0,24.0,31.0,16.0,9.0,13.0,11.0,o,False,,False,514.6245697062986,514.673089712147,513.631452698839,514.8747038219681,,,o,1.0,1.30414390398073,514.1242895282812,,,,,,,,,,,,,,,,,,,,,,,,,5001,1.0,FLE_PY,2021.2.3,143.88708806198278,
ParametersNew.xlsx,4.0,90.0,CCW,Ahead,90.0,No,0.0,1.0,1.0,1.0,2.0,39.0,127.0,43.0,515.4397506330315,,315.0,136.0,28.0,62.0,62.0,62.0,178.39919385863854,-335.5200852863922,315.0,6.0,8.0,-10.0,-14.0,Down,Down,Up,Down,1.0,1.0,1.0,1.0,,34.0,26.0,24.0,31.0,16.0,9.0,13.0,11.0,o,True,True,False,517.6874743644221,517.7362022993366,515.9440175877826,517.937380639898,,,o,1.0,1.8151587400479912,516.4371931908481,,,,,,,,,,,,,,,,,,,,,,,,,5001,1.0,FLE_PY,2021.2.3,143.88708806198278,
ParametersNew.xlsx,4.0,85.0,CCW,Ahead,3.0,No,0.0,1.0,1.0,1.0,2.0,40.0,128.0,23.0,518.2730043218526,,315.0,137.0,10.0,75.0,75.0,75.0,98.35123713895788,-367.051813989846,315.0,6.0,8.0,-10.0,-14.0,Down,Down,Up,Down,1.0,1.0,1.0,1.0,-10.0,34.0,26.0,25.0,31.0,16.0,9.0,14.0,11.0,o,False,,False,520.5213225426396,520.5697751350963,518.7779195260464,520.7710811913221,,,o,1.0,2.0616610659508297,519.2708613155792,,,,,,,,,,,,,,,,,,,,,,,,,5001,1.0,FLE_PY,2021.2.3,143.88708806198278,
ParametersNew.xlsx,4.0,75.0,CW,Behind,2.0,No,0.0,1.0,1.0,1.0,2.0,41.0,129.0,14.0,521.3424500700003,,315.0,138.0,8.0,83.0,83.0,83.0,46.31035049395605,-377.16753762370234,315.0,6.0,8.0,-8.0,-14.0,Down,Down,Down,Down,1.0,1.0,1.0,1.0,,34.0,27.0,25.0,31.0,16.0,9.0,14.0,11.0,o,False,,False,523.5912478645314,523.6396708747397,521.84786134573,523.8410030998766,,,o,1.0,2.0635292986553395,522.340902690903,,,,,,,,,,,,,,,,,,,,,,,,,5001,1.0,FLE_PY,2021.2.3,143.88708806198278,
ParametersNew.xlsx,4.0,95.0,CW,Behind,2.0,No,0.0,1.0,1.0,1.0,2.0,42.0,130.0,11.0,524.4254959719783,,315.0,139.0,6.0,101.0,101.0,101.0,-72.50741824308703,-373.0183297101123,315.0,6.0,6.0,-8.0,-14.0,Down,Down,Down,Down,1.0,1.0,1.0,1.0,6.0,34.0,28.0,25.0,31.0,16.0,10.0,14.0,11.0,o,False,,False,526.6679489433154,526.716703047141,524.9245106555809,526.9178993077185,,,i,0.0,2.0985458618706616,525.4178799654783,,,,,,,,,,,,,,,,,,,,,,,,,5001,1.0,FLE_PY,2021.2.3,143.88708806198278,
ParametersNew.xlsx,4.0,85.0,CW,Behind,2.0,No,0.0,1.0,1.0,1.0,2.0,43.0,131.0,13.0,527.5273897478164,,270.0,140.0,8.0,93.0,93.0,93.0,-19.887663372318578,-379.4792232067381,270.0,6.0,8.0,-8.0,-14.0,Down,Up,Down,Down,1.0,1.0,1.0,1.0,,34.0,29.0,25.0,31.0,16.0,10.0,14.0,11.0,o,False,,False,529.522580641491,529.5712707452622,528.0291427804223,529.7726390948737,,,i,0.0,1.9700812544706423,528.5222262234092,,,,,,,,,,,,,,,,,,,,,,,,,5001,1.0,FLE_PY,2021.2.3,143.88708806198278,
ParametersNew.xlsx,4.0,95.0,CCW,Behind,4.0,No,0.0,1.0,1.0,1.0,3.0,0.0,132.0,31.0,530.504444163791,,225.0,141.0,14.0,81.0,81.0,81.0,59.445096715287754,-375.32156942615234,225.0,6.0,10.0,-8.0,-14.0,Down,Up,Down,Down,1.0,1.0,1.0,1.0,,34.0,29.0,25.0,32.0,16.0,10.0,14.0,11.0,o,False,,False,532.2521590773977,532.3008059455751,531.0087145318794,532.502042028409,,,o,1.0,1.4225932139470387,531.5018244282219,,,,,,,,,,,,,,,,,,,,,,,,,5001,1.0,FLE_PY,2021.2.3,143.88708806198278,
ParametersNew.xlsx,4.0,95.0,CCW,Ahead,3.0,No,0.0,1.0,1.0,1.0,3.0,1.0,133.0,21.0,532.9398615664595,,315.0,142.0,8.0,87.0,87.0,87.0,19.887663372318706,-379.4792232067381,315.0,6.0,10.0,-8.0,-12.0,Down,Up,Down,Down,1.0,1.0,1.0,1.0,-8.0,34.0,29.0,26.0,32.0,16.0,10.0,15.0,11.0,o,False,,False,535.1828720493831,535.2317680911074,533.4398376731042,535.4330243695131,,,i,0.0,2.255511826926522,533.9328852760609,,,,,,,,,,,,,,,,,,,,,,,,,5001,1.0,FLE_PY,2021.2.3,143.88708806198278,
ParametersNew.xlsx,4.0,275.0,CW,Ahead,1.0,No,0.0,1.0,1.0,1.0,3.0,2.0,134.0,8.0,536.2069707721694,,180.0,143.0,6.0,281.0,281.0,281.0,72.50741824308682,373.0183297101124,180.0,6.0,10.0,-10.0,-12.0,Down,Up,Up,Down,1.0,1.0,1.0,1.0,6.0,35.0,29.0,26.0,32.0,17.0,10.0,15.0,11.0,o,False,,False,537.7042503431821,537.7527433267842,536.7108696554969,537.9541588942138,,,i,0.0,1.280390781488677,537.2039977562999,,,,,,,,,,,,,,,,,,,,,,,,,5001,1.0,FLE_PY,2021.2.3,143.88708806198278,
ParametersNew.xlsx,4.0,270.0,CCW,Behind,100.0,No,0.0,1.0,1.0,1.0,3.0,3.0,135.0,42.0,538.498925652415,,315.0,144.0,28.0,298.0,298.0,298.0,178.39919385863837,335.5200852863923,315.0,8.0,10.0,-10.0,-12.0,Up,Up,Up,Down,1.0,1.0,1.0,1.0,,35.0,29.0,26.0,32.0,17.0,10.0,15.0,11.0,i,True,True,False,540.7464718903211,540.7949330161191,539.0029027580313,540.9965320503725,,,i,1.0,1.9873490380941805,539.4890667995587,,,,,,,,,,,,,,,,,,,,,,,,,5001,1.0,FLE_PY,2021.2.3,143.88708806198278,
ParametersNew.xlsx,4.0,285.0,CW,Behind,2.0,No,0.0,1.0,1.0,1.0,3.0,4.0,136.0,19.0,541.4878320251719,,315.0,145.0,10.0,295.0,295.0,295.0,160.59493946146586,344.39695907392695,315.0,8.0,10.0,-10.0,-12.0,Up,Up,Up,Down,1.0,1.0,1.0,1.0,10.0,35.0,30.0,26.0,32.0,17.0,11.0,15.0,11.0,o,False,,False,543.7329240743165,543.7816116180857,541.9894294665337,543.9828243764532,,,o,1.0,2.1778882940197946,542.4825925540335,,,,,,,,,,,,,,,,,,,,,,,,,5001,1.0,FLE_PY,2021.2.3,143.88708806198278,
ParametersNew.xlsx,4.0,285.0,CCW,Behind,4.0,No,0.0,1.0,1.0,1.0,3.0,5.0,137.0,39.0,544.6849041222285,,180.0,146.0,12.0,273.0,273.0,273.0,19.8876633723187,379.4792232067381,180.0,8.0,8.0,-10.0,-12.0,Up,Down,Up,Down,1.0,1.0,1.0,1.0,-12.0,35.0,30.0,26.0,33.0,17.0,11.0,15.0,12.0,o,False,,False,546.1777312805516,546.226459784355,545.1843329572966,546.4278062317262,,,i,0.0,1.6068232022662414,545.6776479382588,,,,,,,,,,,,,,,,,,,,,,,,,5001,1.0,FLE_PY,2021.2.3,143.88708806198278,
ParametersNew.xlsx,4.0,285.0,CCW,Ahead,3.0,No,0.0,1.0,1.0,1.0,3.0,6.0,138.0,29.0,547.3030075474544,,225.0,147.0,10.0,275.0,275.0,275.0,33.11918224411,378.5539852748633,225.0,8.0,8.0,-10.0,-14.0,Up,Down,Up,Up,1.0,1.0,1.0,1.0,-10.0,35.0,30.0,27.0,33.0,17.0,11.0,16.0,12.0,o,False,,False,549.0462541194702,549.0947143919329,547.8029421251758,549.296290955057,,,o,1.0,2.0365127422683145,548.295868270252,,,,,,,,,,,,,,,,,,,,,,,,,5001,1.0,FLE_PY,2021.2.3,143.88708806198278,
ParametersNew.xlsx,4.0,255.0,CW,Ahead,1.0,No,0.0,1.0,1.0,1.0,3.0,7.0,139.0,5.0,550.3451662323187,,270.0,148.0,8.0,263.0,263.0,263.0,-46.31035049395592,377.1675376237024,270.0,8.0,8.0,-8.0,-14.0,Up,Down,Down,Up,1.0,1.0,1.0,1.0,,36.0,30.0,27.0,33.0,17.0,11.0,16.0,12.0,o,False,,False,552.3381538174453,552.3868578590063,550.8448724009577,552.5882239330622,,,i,0.0,2.9863298727777874,551.3380403240153,,,,,,,,,,,,,,,,,,,,,,,,,5001,1.0,FLE_PY,2021.2.3,143.88708806198278,
ParametersNew.xlsx,4.0,85.0,CCW,Behind,4.0,No,0.0,1.0,1.0,1.0,3.0,8.0,140.0,33.0,554.338416928782,,180.0,149.0,14.0,71.0,71.0,71.0,123.71589869371957,-359.29705872774036,180.0,10.0,8.0,-8.0,-14.0,Up,Down,Down,Up,1.0,1.0,1.0,1.0,,36.0,30.0,27.0,34.0,17.0,11.0,16.0,12.0,o,False,,False,555.8318522298468,555.8803085200852,554.8388023513326,556.0817129941715,,,i,0.0,2.08067306439807,555.3317529586511,,,,,,,,,,,,,,,,,,,,,,,,,5001,1.0,FLE_PY,2021.2.3,143.88708806198278,
ParametersNew.xlsx,4.0,75.0,CCW,Ahead,3.0,No,0.0,1.0,1.0,1.0,3.0,9.0,141.0,24.0,557.4296756022104,,180.0,150.0,8.0,67.0,67.0,67.0,148.4778288259241,-349.7918443119273,180.0,10.0,8.0,-8.0,-16.0,Up,Down,Down,Up,1.0,1.0,1.0,1.0,,36.0,30.0,28.0,34.0,17.0,11.0,16.0,12.0,o,False,,False,558.9226725740136,558.9710156552665,557.9292532018499,559.1727179429399,,,o,1.0,1.606020499360966,558.4223770359822,,,,,,,,,,,,,,,,,,,,,,,,,5001,1.0,FLE_PY,2021.2.3,143.88708806198278,
ParametersNew.xlsx,4.0,95.0,CCW,Behind,4.0,No,0.0,1.0,1.0,1.0,3.0,10.0,142.0,31.0,560.0419046757579,,270.0,151.0,16.0,79.0,79.0,79.0,72.50741824308707,-373.0183297101123,270.0,10.0,8.0,-6.0,-16.0,Up,Down,Down,Up,1.0,1.0,1.0,1.0,-16.0,36.0,30.0,28.0,35.0,17.0,11.0,16.0,13.0,o,False,,False,562.0412242840666,562.0897371787978,560.5477474540767,562.2910551817004,,,o,1.0,1.763724029488003,561.0407754303505,,,,,,,,,,,,,,,,,,,,,,,,,5001,1.0,FLE_PY,2021.2.3,143.88708806198278,
ParametersNew.xlsx,4.0,255.0,CCW,Ahead,3.0,No,0.0,1.0,1.0,1.0,3.0,11.0,143.0,25.0,562.8222917594667,,225.0,152.0,6.0,249.0,249.0,249.0,-136.17982082721426,354.7605620689366,225.0,10.0,8.0,-6.0,-14.0,Up,Down,Down,Down,1.0,1.0,1.0,1.0,-6.0,36.0,30.0,29.0,35.0,17.0,11.0,17.0,13.0,o,False,,False,564.5690782456131,564.6179356028606,563.3259866959525,564.8193616947428,,,i,0.0,1.5697395795123157,563.8189569299539,,,,,,,,,,,,,,,,,,,,,,,,,5001,1.0,FLE_PY,2021.2.3,143.88708806198278,
ParametersNew.xlsx,4.0,265.0,CW,Behind,2.0,No,0.0,1.0,1.0,1.0,3.0,12.0,144.0,16.0,565.406565609157,,270.0,153.0,8.0,273.0,273.0,273.0,19.8876633723187,379.4792232067381,270.0,10.0,8.0,-8.0,-14.0,Up,Down,Up,Down,1.0,1.0,1.0,1.0,8.0,36.0,31.0,29.0,35.0,17.0,12.0,17.0,13.0,o,False,,False,567.4029008238085,567.4514054696429,565.9094945361012,567.6530850017425,,,i,0.0,1.649757283348663,566.402753765904,,,,,,,,,,,,,,,,,,,,,,,,,5001,1.0,FLE_PY,2021.2.3,143.88708806198278,
ParametersNew.xlsx,4.0,275.0,CCW,Behind,4.0,No,0.0,1.0,1.0,1.0,3.0,13.0,145.0,38.0,568.072621573081,,180.0,154.0,14.0,261.0,261.0,261.0,-59.4450967152878,375.32156942615234,180.0,10.0,10.0,-8.0,-14.0,Up,Up,Up,Down,1.0,1.0,1.0,1.0,,36.0,31.0,29.0,36.0,17.0,12.0,17.0,13.0,o,False,,False,569.5697808239893,569.6184117632656,568.576680029877,569.820010797519,,,o,1.0,2.198793556304736,569.0697475439611,,,,,,,,,,,,,,,,,,,,,,,,,5001,1.0,FLE_PY,2021.2.3,143.88708806198278,
ParametersNew.xlsx,4.0,265.0,CW,Behind,2.0,No,0.0,1.0,1.0,1.0,3.0,14.0,146.0,16.0,571.2871090805547,,225.0,155.0,10.0,275.0,275.0,275.0,33.11918224411,378.5539852748633,225.0,10.0,10.0,-8.0,-12.0,Up,Up,Up,Down,1.0,1.0,1.0,1.0,10.0,36.0,32.0,29.0,36.0,17.0,13.0,17.0,13.0,o,False,,False,573.0356719237716,573.0842946141529,571.7924500984445,573.2857286704875,,,o,1.0,3.2230222703128675,572.2854624302599,,,,,,,,,,,,,,,,,,,,,,,,,5001,1.0,FLE_PY,2021.2.3,143.88708806198278,
ParametersNew.xlsx,4.0,265.0,CW,Behind,2.0,No,0.0,1.0,1.0,1.0,3.0,15.0,147.0,16.0,575.5181959266374,,270.0,156.0,8.0,273.0,273.0,273.0,19.8876633723187,379.4792232067381,270.0,10.0,8.0,-8.0,-12.0,Up,Down,Up,Down,1.0,1.0,1.0,1.0,8.0,36.0,33.0,29.0,36.0,17.0,14.0,17.0,13.0,o,False,,False,577.5155082087877,577.5642537792737,576.0222427212011,577.7655439065966,,,i,0.0,1.961068340111524,576.5154163331536,,,,,,,,,,,,,,,,,,,,,,,,,5001,1.0,FLE_PY,2021.2.3,143.88708806198278,
ParametersNew.xlsx,4.0,265.0,CCW,Ahead,3.0,No,0.0,1.0,1.0,1.0,3.0,16.0,148.0,26.0,578.4948873911926,,180.0,157.0,8.0,257.0,257.0,257.0,-85.4814006506688,370.2606246183894,180.0,10.0,10.0,-8.0,-12.0,Up,Up,Up,Down,1.0,1.0,1.0,1.0,,36.0,33.0,30.0,36.0,17.0,14.0,17.0,13.0,o,False,,False,579.9881122031875,580.0366583779469,578.994753702189,580.2382522921962,,,i,0.0,1.6365490942989709,579.4880026919836,,,,,,,,,,,,,,,,,,,,,,,,,5001,1.0,FLE_PY,2021.2.3,143.88708806198278,
ParametersNew.xlsx,4.0,75.0,CCW,Ahead,3.0,No,0.0,1.0,1.0,1.0,3.0,17.0,149.0,24.0,581.1478799484121,,270.0,158.0,10.0,65.0,65.0,65.0,160.5949394614658,-344.39695907392695,270.0,10.0,10.0,-10.0,-12.0,Up,Up,Up,Down,1.0,1.0,1.0,1.0,,36.0,33.0,31.0,36.0,17.0,14.0,17.0,13.0,o,False,,False,583.141272582774,583.1898619931253,581.648160410874,583.3912843872276,,,i,0.0,1.8475882788316085,582.1410097558837,,,,,,,,,,,,,,,,,,,,,,,,,5001,1.0,FLE_PY,2021.2.3,143.88708806198278,
ParametersNew.xlsx,4.0,90.0,CW,Behind,2.0,No,0.0,1.0,1.0,1.0,3.0,18.0,150.0,12.0,583.9965249392553,,315.0,159.0,10.0,100.0,100.0,100.0,-65.98630751343352,-374.22694614463904,315.0,10.0,10.0,-12.0,-12.0,Up,Up,Up,Down,1.0,1.0,1.0,1.0,,36.0,34.0,31.0,36.0,17.0,14.0,17.0,13.0,o,False,,False,586.2391420351778,586.2877092588442,584.4957265030189,586.4890247017447,,,i,0.0,1.8636417680863815,584.9887601681858,,,,,,,,,,,,,,,,,,,,,,,,,5001,1.0,FLE_PY,2021.2.3,143.88708806198278,
ParametersNew.xlsx,4.0,255.0,CCW,Ahead,3.0,No,0.0,1.0,1.0,1.0,3.0,19.0,151.0,25.0,586.8697143777117,,315.0,160.0,12.0,243.0,243.0,243.0,-172.51638990102782,338.58247919157975,315.0,10.0,12.0,-12.0,-12.0,Up,Up,Up,Down,1.0,1.0,1.0,1.0,-12.0,36.0,34.0,32.0,36.0,17.0,14.0,18.0,13.0,o,False,,False,589.1143476175766,589.163121348085,587.3709830010157,589.3644985154824,,,o,1.0,2.324377023467605,587.8641594574146,,,,,,,,,,,,,,,,,,,,,,,,,5001,1.0,FLE_PY,2021.2.3,143.88708806198278,
ParametersNew.xlsx,4.0,105.0,CW,Behind,2.0,No,0.0,1.0,1.0,1.0,3.0,20.0,152.0,10.0,590.1990060364842,,315.0,161.0,12.0,117.0,117.0,117.0,-172.51638990102776,-338.5824791915798,315.0,10.0,12.0,-10.0,-12.0,Up,Up,Down,Down,1.0,1.0,1.0,1.0,12.0,36.0,35.0,32.0,36.0,17.0,15.0,18.0,13.0,o,False,,False,592.4483311914646,592.496742823887,590.7049332948754,592.6982033335771,,,o,1.0,2.3188380320752913,591.1978696799597,,,,,,,,,,,,,,,,,,,,,,,,,5001,1.0,FLE_PY,2021.2.3,143.88708806198278,
ParametersNew.xlsx,4.0,270.0,CW,Behind,2.0,No,0.0,1.0,1.0,1.0,3.0,21.0,153.0,17.0,593.5352520834149,,270.0,162.0,10.0,280.0,280.0,280.0,65.98630751343339,374.2269461446391,270.0,10.0,10.0,-10.0,-12.0,Up,Down,Down,Down,1.0,1.0,1.0,1.0,,36.0,36.0,32.0,36.0,17.0,15.0,18.0,13.0,o,False,,False,595.5320264806614,595.580516050928,594.0386364063015,595.7819805428444,,,o,1.0,1.6727498007458053,594.5317548359853,,,,,,,,,,,,,,,,,,,,,,,,,5001,1.0,FLE_PY,2021.2.3,143.88708806198278,
ParametersNew.xlsx,4.0,285.0,CW,Ahead,1.0,No,0.0,1.0,1.0,1.0,3.0,22.0,154.0,9.0,596.2164234380143,,225.0,163.0,10.0,295.0,295.0,295.0,160.59493946146586,344.39695907392695,225.0,10.0,8.0,-10.0,-12.0,Up,Down,Down,Down,1.0,1.0,1.0,1.0,10.0,37.0,36.0,32.0,36.0,18.0,15.0,18.0,13.0,o,False,,False,597.9628196660506,598.0114443475431,596.7195540362409,598.2130746707116,,,o,1.0,1.4156641413665056,597.2126243947714,,,,,,,,,,,,,,,,,,,,,,,,,5001,1.0,FLE_PY,2021.2.3,143.88708806198278,
ParametersNew.xlsx,4.0,105.0,CW,Behind,2.0,No,0.0,1.0,1.0,1.0,3.0,23.0,155.0,10.0,598.641251533867,,225.0,164.0,8.0,113.0,113.0,113.0,-148.47782882592398,-349.7918443119273,225.0,8.0,8.0,-10.0,-12.0,Down,Down,Down,Down,1.0,1.0,1.0,1.0,8.0,37.0,37.0,32.0,36.0,18.0,16.0,18.0,13.0,o,False,,False,600.3868223034206,600.4354128515515,599.1434804424352,600.6368565790053,,,i,0.0,2.23214099809411,599.6365471031859,,,,,,,,,,,,,,,,,,,,,,,,,5001,1.0,FLE_PY,2021.2.3,143.88708806198278,
ParametersNew.xlsx,4.0,90.0,CW,Behind,100.0,No,0.0,1.0,1.0,1.0,3.0,24.0,156.0,41.0,601.8808913472494,,225.0,165.0,28.0,62.0,62.0,62.0,178.39919385863854,-335.5200852863922,225.0,8.0,10.0,-10.0,-12.0,Down,Up,Down,Down,1.0,1.0,1.0,1.0,,37.0,37.0,32.0,36.0,18.0,16.0,18.0,13.0,i,True,True,False,603.6232675185202,603.6719940312123,602.3800698709929,603.8735876610153,,,i,1.0,1.6753934296702937,602.8731976873496,,,,,,,,,,,,,,,,,,,,,,,,,5001,1.0,FLE_PY,2021.2.3,143.88708806198278,
ParametersNew.xlsx,4.0,275.0,CCW,Ahead,3.0,No,0.0,1.0,1.0,1.0,3.0,25.0,157.0,28.0,604.5617984527344,,270.0,166.0,10.0,265.0,265.0,265.0,-33.119182244110135,378.5539852748633,270.0,8.0,10.0,-10.0,-12.0,Down,Up,Down,Down,1.0,1.0,1.0,1.0,,37.0,37.0,33.0,36.0,18.0,16.0,18.0,13.0,o,False,,False,606.5544745709285,606.6031399280109,605.0610020076092,606.8044858064932,,,o,1.0,2.106178366160748,605.5542669263068,,,,,,,,,,,,,,,,,,,,,,,,,5001,1.0,FLE_PY,2021.2.3,143.88708806198278,
ParametersNew.xlsx,4.0,75.0,CW,Ahead,1.0,No,0.0,1.0,1.0,1.0,3.0,26.0,158.0,4.0,607.6724619427223,,270.0,167.0,8.0,83.0,83.0,83.0,46.31035049395605,-377.16753762370234,270.0,8.0,10.0,-8.0,-12.0,Down,Up,Down,Down,1.0,1.0,1.0,1.0,8.0,38.0,37.0,33.0,36.0,19.0,16.0,18.0,13.0,o,False,,False,609.6658076437107,609.7144220851951,608.1728078274609,609.9159616705092,,,i,0.0,1.9947059154819728,608.665676514709,,,,,,,,,,,,,,,,,,,,,,,,,5001,1.0,FLE_PY,2021.2.3,143.88708806198278,
ParametersNew.xlsx,4.0,75.0,CW,Behind,2.0,No,0.0,1.0,1.0,1.0,3.0,27.0,159.0,14.0,610.6822826799907,,180.0,168.0,10.0,85.0,85.0,85.0,33.11918224411009,-378.5539852748633,180.0,10.0,10.0,-8.0,-12.0,Up,Up,Down,Down,1.0,1.0,1.0,1.0,,38.0,38.0,33.0,36.0,19.0,16.0,18.0,13.0,o,False,,False,612.1803427672257,612.2288272174865,611.1870912174272,612.4303690783581,,,i,0.0,1.020385581839946,611.6800253269539,,,,,,,,,,,,,,,,,,,,,,,,,5001,1.0,FLE_PY,2021.2.3,143.88708806198278,
ParametersNew.xlsx,4.0,285.0,CCW,Behind,4.0,No,0.0,1.0,1.0,1.0,3.0,28.0,160.0,39.0,612.7133665109614,,180.0,169.0,12.0,273.0,273.0,273.0,19.8876633723187,379.4792232067381,180.0,10.0,12.0,-8.0,-12.0,Up,Up,Down,Down,1.0,1.0,1.0,1.0,,38.0,38.0,33.0,37.0,19.0,16.0,18.0,13.0,o,False,,False,614.2082527643743,614.256827952493,613.2152031703063,614.4582523377085,,,o,1.0,1.4483431381413538,613.7081432531704,,,,,,,,,,,,,,,,,,,,,,,,,5001,1.0,FLE_PY,2021.2.3,143.88708806198278,
ParametersNew.xlsx,4.0,270.0,CCW,Ahead,3.0,No,0.0,1.0,1.0,1.0,3.0,29.0,161.0,27.0,615.17348309915,,180.0,170.0,8.0,262.0,262.0,262.0,-52.885778364824674,376.3018661217968,180.0,10.0,12.0,-8.0,-10.0,Up,Up,Down,Down,1.0,1.0,1.0,1.0,,38.0,38.0,34.0,37.0,19.0,16.0,18.0,13.0,o,False,,False,616.6670933336973,616.7156045217598,615.6738292683331,616.9170607647793,,,o,1.0,1.2377144072943338,616.1667426133972,,,,,,,,,,,,,,,,,,,,,,,,,5001,1.0,FLE_PY,2021.2.3,143.88708806198278,
ParametersNew.xlsx,4.0,105.0,CCW,Behind,4.0,No,0.0,1.0,1.0,1.0,3.0,30.0,162.0,30.0,617.415463607862,,180.0,171.0,10.0,95.0,95.0,95.0,-33.11918224411013,-378.5539852748633,180.0,10.0,12.0,-6.0,-10.0,Up,Up,Down,Down,1.0,1.0,1.0,1.0,-10.0,38.0,38.0,34.0,38.0,19.0,16.0,18.0,14.0,o,False,,False,618.9102303945074,618.9590183472501,617.9172715382938,619.1603798701908,,,i,0.0,1.306326163621634,618.4101160477421,,,,,,,,,,,,,,,,,,,,,,,,,5001,1.0,FLE_PY,2021.2.3,143.88708806198278,
ParametersNew.xlsx,4.0,105.0,CW,Ahead,1.0,No,0.0,1.0,1.0,1.0,3.0,31.0,163.0,0.0,619.7258874816453,,225.0,172.0,10.0,115.0,115.0,115.0,-160.59493946146574,-344.396959073927,225.0,10.0,12.0,-6.0,-12.0,Up,Up,Down,Up,1.0,1.0,1.0,1.0,,39.0,38.0,34.0,38.0,19.0,16.0,18.0,14.0,o,False,,False,621.4733216483455,621.5219395031654,620.2298779561625,621.7232048838014,,,i,0.0,1.481634828773167,620.7229733458244,,,,,,,,,,,,,,,,,,,,,,,,,5001,1.0,FLE_PY,2021.2.3,143.88708806198278,
ParametersNew.xlsx,4.0,85.0,CCW,Ahead,3.0,No,0.0,1.0,1.0,1.0,3.0,32.0,164.0,23.0,622.2259984150733,,315.0,173.0,6.0,79.0,79.0,79.0,72.50741824308707,-373.0183297101123,315.0,12.0,12.0,-6.0,-12.0,Up,Up,Down,Up,1.0,1.0,1.0,1.0,-6.0,39.0,38.0,35.0,38.0,19.0,16.0,19.0,14.0,o,False,,False,624.4737033731144,624.5223914857725,622.7302022231052,624.7235072485037,,,i,0.0,1.8452893968697024,623.2233903417364,,,,,,,,,,,,,,,,,,,,,,,,,5001,1.0,FLE_PY,2021.2.3,143.88708806198278,
ParametersNew.xlsx,4.0,85.0,CCW,Behind,4.0,No,0.0,1.0,1.0,1.0,3.0,33.0,165.0,33.0,625.0808681934504,,180.0,174.0,12.0,73.0,73.0,73.0,111.10124779463996,-363.39580726595347,180.0,12.0,12.0,-8.0,-12.0,Up,Up,Up,Up,1.0,1.0,1.0,1.0,,39.0,38.0,35.0,39.0,19.0,16.0,19.0,14.0,o,False,,False,626.5780248843585,626.6268839482727,625.5847562678791,626.82827505346,,,i,0.0,1.1095362356918486,626.0710915451091,,,,,,,,,,,,,,,,,,,,,,,,,5001,1.0,FLE_PY,2021.2.3,143.88708806198278,
ParametersNew.xlsx,4.0,270.0,CW,Ahead,1.0,No,0.0,1.0,1.0,1.0,3.0,34.0,166.0,7.0,627.1988109074282,,225.0,175.0,12.0,282.0,282.0,282.0,79.00644251074826,371.6960882788462,225.0,12.0,12.0,-8.0,-14.0,Up,Up,Up,Up,1.0,1.0,1.0,1.0,12.0,40.0,38.0,35.0,39.0,20.0,16.0,19.0,14.0,o,False,,False,628.9466276522326,628.9951160847195,627.7031247955547,629.1966696078234,,,o,1.0,1.7361806815406453,628.1963871542503,,,,,,,,,,,,,,,,,,,,,,,,,5001,1.0,FLE_PY,2021.2.3,143.88708806198278,
ParametersNew.xlsx,4.0,75.0,CCW,Ahead,3.0,No,0.0,1.0,1.0,1.0,3.0,35.0,167.0,24.0,629.9424289642047,,270.0,176.0,8.0,67.0,67.0,67.0,148.4778288259241,-349.7918443119273,270.0,10.0,12.0,-8.0,-14.0,Down,Up,Up,Up,1.0,1.0,1.0,1.0,,40.0,38.0,36.0,39.0,20.0,16.0,19.0,14.0,o,False,,False,631.9400495843965,631.9886788170043,630.4465625143985,632.1899973887976,,,i,0.0,1.8647752801643944,630.9398652642394,,,,,,,,,,,,,,,,,,,,,,,,,5001,1.0,FLE_PY,2021.2.3,143.88708806198278,
ParametersNew.xlsx,4.0,90.0,CCW,Ahead,3.0,No,0.0,1.0,1.0,1.0,3.0,36.0,168.0,22.0,632.8261371671924,,180.0,177.0,10.0,80.0,80.0,80.0,65.98630751343356,-374.22694614463904,180.0,10.0,12.0,-10.0,-14.0,Down,Up,Up,Up,1.0,1.0,1.0,1.0,,40.0,38.0,37.0,39.0,20.0,16.0,19.0,14.0,o,False,,False,634.3223842039897,634.3708737742563,633.329130094191,634.5724400973704,,,i,0.0,1.294438935699873,633.8220900881824,,,,,,,,,,,,,,,,,,,,,,,,,5001,1.0,FLE_PY,2021.2.3,143.88708806198278,
ParametersNew.xlsx,4.0,90.0,CW,Behind,100.0,No,0.0,1.0,1.0,1.0,3.0,37.0,169.0,41.0,635.1318898903228,,315.0,178.0,28.0,62.0,62.0,62.0,178.39919385863854,-335.5200852863922,315.0,10.0,12.0,-12.0,-14.0,Down,Up,Up,Up,1.0,1.0,1.0,1.0,,40.0,38.0,37.0,39.0,20.0,16.0,19.0,14.0,i,True,True,False,637.3781416204583,637.427013768829,635.6349067106748,637.6281229893302,,,i,1.0,1.8526878031825615,636.1279426513993,,,,,,,,,,,,,,,,,,,,,,,,,5001,1.0,FLE_PY,2021.2.3,143.88708806198278,
ParametersNew.xlsx,4.0,275.0,CCW,Ahead,3.0,No,0.0,1.0,1.0,1.0,3.0,38.0,170.0,28.0,637.9982483896147,,315.0,179.0,12.0,263.0,263.0,263.0,-46.31035049395592,377.1675376237024,315.0,10.0,12.0,-12.0,-14.0,Down,Up,Up,Up,1.0,1.0,1.0,1.0,,40.0,38.0,38.0,39.0,20.0,16.0,19.0,14.0,o,False,,False,640.2469016862433,640.2952487497223,638.5033371050686,640.4969555885127,,,i,0.0,2.384046407718415,638.9965658992915,,,,,,,,,,,,,,,,,,,,,,,,,5001,1.0,FLE_PY,2021.2.3,143.88708806198278,
ParametersNew.xlsx,4.0,90.0,CW,Behind,2.0,No,0.0,1.0,1.0,1.0,3.0,39.0,171.0,12.0,641.4056963461935,,180.0,180.0,12.0,102.0,102.0,102.0,-79.00644251074847,-371.69608827884616,180.0,10.0,12.0,-14.0,-14.0,Down,Up,Up,Up,1.0,1.0,1.0,1.0,,40.0,39.0,38.0,39.0,20.0,16.0,19.0,14.0,o,False,,False,642.8998746167817,642.94837158261,641.906821893821,643.1498002344961,,,i,0.0,1.468742373326677,642.3997380833316,,,,,,,,,,,,,,,,,,,,,,,,,5001,1.0,FLE_PY,2021.2.3,143.88708806198278,
ParametersNew.xlsx,4.0,285.0,CCW,Ahead,3.0,No,0.0,1.0,1.0,1.0,3.0,40.0,172.0,29.0,643.8888429984781,,270.0,181.0,14.0,271.0,271.0,271.0,6.631914446167589,379.94212415942866,270.0,10.0,14.0,-14.0,-14.0,Down,Up,Up,Up,1.0,1.0,1.0,1.0,-14.0,40.0,39.0,39.0,39.0,20.0,16.0,20.0,14.0,o,False,,False,645.8863606496943,645.9350601401402,644.3931739532854,646.1363585163581,,,o,1.0,1.6701312029563269,644.8862932363027,,,,,,,,,,,,,,,,,,,,,,,,,5001,1.0,FLE_PY,2021.2.3,143.88708806198278,
ParametersNew.xlsx,4.0,255.0,CW,Behind,2.0,No,0.0,1.0,1.0,1.0,3.0,41.0,173.0,15.0,646.5705892157912,,270.0,182.0,14.0,269.0,269.0,269.0,-6.6319144461677295,379.94212415942866,270.0,10.0,14.0,-12.0,-14.0,Down,Up,Down,Up,1.0,1.0,1.0,1.0,14.0,40.0,40.0,39.0,39.0,20.0,17.0,20.0,14.0,o,False,,False,648.5672319151472,648.6161268190936,647.0741308365905,648.8173182441114,,,o,1.0,1.6054382410857215,647.5670757550142,,,,,,,,,,,,,,,,,,,,,,,,,5001,1.0,FLE_PY,2021.2.3,143.88708806198278,
ParametersNew.xlsx,4.0,105.0,CCW,Behind,4.0,No,0.0,1.0,1.0,1.0,3.0,42.0,174.0,30.0,649.1856459539722,,180.0,183.0,14.0,91.0,91.0,91.0,-6.6319144461677215,-379.94212415942866,180.0,10.0,12.0,-12.0,-14.0,Down,Down,Down,Up,1.0,1.0,1.0,1.0,,40.0,40.0,39.0,40.0,20.0,17.0,20.0,14.0,o,False,,False,650.6788556904012,650.7273006028518,649.6854951982878,650.9288265348205,,,i,0.0,1.2017301632531598,650.1786659657937,,,,,,,,,,,,,,,,,,,,,,,,,5001,1.0,FLE_PY,2021.2.3,143.88708806198278,
ParametersNew.xlsx,4.0,255.0,CCW,Ahead,3.0,No,0.0,1.0,1.0,1.0,3.0,43.0,175.0,25.0,651.3967804274744,,225.0,184.0,12.0,243.0,243.0,243.0,-172.51638990102782,338.58247919157975,225.0,10.0,12.0,-12.0,-16.0,Down,Down,Down,Up,1.0,1.0,1.0,1.0,-12.0,40.0,40.0,40.0,40.0,20.0,17.0,21.0,14.0,o,False,,False,653.1444580788248,653.1931123425657,651.9010832222575,653.3943592342966,,,i,0.0,1.354239733394934,652.3942005141616,,,,,,,,,,,,,,,,,,,,,,,,,5001,1.0,FLE_PY,2021.2.3,143.88708806198278,
ParametersNew.xlsx,4.0,,,,,,0.0,1.0,1.0,1.0,,,,,,,,,,,,,,,,,,,,,,,,,,,,,,,,,,,,,,,,,,,,,,,,,,,,,,,,,,,,,,,,,,,,,,,,,,,5001,1.0,FLE_PY,2021.2.3,143.88708806198278,
,,,,,,,,,,,,,,,,,,,,,,,,,,,,,,,,,,,,,,,,,,,,,,,,,,,,,,,,,,,,,,,,,,,,,,,,,,644.0161174893092,"[16, 24, 16, 18, 16, 20, 10, 18, 16, 18, 16, 18, 12, 14, 12, 14, 6, 10, 8, 12]","[12, 8, 12, 10, 16, 14, 16, 6, 10, 6, 10, 8, 10, 8, 12, 8, 14]","[-16, -20, -16, -18, -16, -20, -10, -14, -12, -14, -12, -14, -8, -10, -8, -10, -6, -12, -6, -14, -12]","[12, 16, -20, -14, -18, -16, -18, -14, -16, -12, -18, -12, -16, -10]",10.333333333333334,10.0,-10.0,-14.0,,,5001,1.0,FLE_PY,2021.2.3,143.88708806198278,
,,,,,,,,,,,,,,,,,,,,,,,,,,,,,,,,,,,,,,,,,,,,,,,,,,,,,,,,,,,,,,,,,,,,,,,,,,,,,,,,,,,69.0,0.1638487841945288,5001,,,,,
